image_id,prediction
5740.png,3
1856.png,3
3434.png,3
1722.png,3
6762.png,3
3213.png,3
3018.png,3
4659.png,3
591.png,3
4658.png,3
336.png,3
2078.png,3
3960.png,3
5907.png,3
2846.png,3
4432.png,3
4441.png,3
2394.png,3
1018.png,3
4453.png,3
2441.png,3
4340.png,3
5917.png,3
5815.png,3
5035.png,3
6448.png,3
6745.png,3
2250.png,3
6889.png,3
547.png,3
95.png,3
872.png,3
6935.png,3
982.png,3
4882.png,3
2016.png,3
672.png,3
1498.png,3
6594.png,3
4312.png,3
1226.png,3
3479.png,3
489.png,3
6694.png,3
3911.png,3
726.png,3
1702.png,3
5438.png,3
1995.png,3
5183.png,3
6925.png,3
2150.png,3
3515.png,3
909.png,3
6382.png,3
5165.png,3
136.png,3
1933.png,3
2333.png,3
4626.png,3
3006.png,3
2959.png,3
4674.png,3
2549.png,3
5125.png,3
2039.png,3
900.png,3
2895.png,3
5153.png,3
2693.png,3
291.png,3
1444.png,3
3277.png,3
3367.png,3
5225.png,3
1780.png,3
4184.png,3
7014.png,3
3636.png,3
828.png,3
521.png,3
5442.png,3
580.png,3
4208.png,3
5867.png,3
417.png,3
2240.png,3
767.png,3
3794.png,3
5730.png,3
2761.png,3
4837.png,3
3892.png,3
3849.png,3
3130.png,3
2799.png,3
831.png,3
5164.png,3
3985.png,3
1954.png,3
5829.png,3
461.png,3
4473.png,3
7039.png,3
380.png,3
2228.png,3
3964.png,3
3318.png,3
3348.png,3
1512.png,3
235.png,3
2907.png,3
6288.png,3
5216.png,3
2612.png,3
5691.png,3
5182.png,3
1037.png,3
6758.png,3
6668.png,3
2425.png,3
1799.png,3
2524.png,3
262.png,3
3480.png,3
5027.png,3
432.png,3
5983.png,3
2824.png,3
3592.png,3
6497.png,3
6417.png,3
4444.png,3
6577.png,3
683.png,3
4398.png,3
7154.png,3
6878.png,3
3337.png,3
1163.png,3
3410.png,3
2613.png,3
4350.png,3
2415.png,3
1265.png,3
834.png,3
2429.png,3
1125.png,3
2833.png,3
3193.png,3
4174.png,3
4076.png,3
1584.png,3
4216.png,3
4801.png,3
2748.png,3
1913.png,3
1470.png,3
2454.png,3
3182.png,3
1988.png,3
311.png,3
503.png,3
4793.png,3
6695.png,3
4806.png,3
2155.png,3
697.png,3
894.png,3
678.png,3
1030.png,3
1560.png,3
4591.png,3
6598.png,3
6847.png,3
5653.png,3
3016.png,3
4662.png,3
2708.png,3
4089.png,3
5325.png,3
5487.png,3
6985.png,3
2044.png,3
3866.png,3
3354.png,3
7106.png,3
4161.png,3
668.png,3
6127.png,3
3860.png,3
3165.png,3
2656.png,3
2873.png,3
6348.png,3
3265.png,3
6747.png,3
6494.png,3
2942.png,3
3586.png,3
4288.png,3
3215.png,3
2757.png,3
1015.png,3
5506.png,3
5801.png,3
3844.png,3
6366.png,3
1589.png,3
574.png,3
3383.png,3
1554.png,3
6516.png,3
945.png,3
1298.png,3
5080.png,3
3462.png,3
6053.png,3
2291.png,3
5122.png,3
4341.png,3
983.png,3
3466.png,3
3710.png,3
4808.png,3
6530.png,3
1523.png,3
6122.png,3
1310.png,3
6836.png,3
4610.png,3
5631.png,3
2943.png,3
302.png,3
730.png,3
6006.png,3
6030.png,3
155.png,3
3787.png,3
4984.png,3
7101.png,3
5872.png,3
6903.png,3
3913.png,3
6114.png,3
3019.png,3
2836.png,3
6026.png,3
3668.png,3
7140.png,3
5737.png,3
6991.png,3
3602.png,3
1438.png,3
6853.png,3
4627.png,3
7099.png,3
2463.png,3
3519.png,3
3065.png,3
6808.png,3
814.png,3
2747.png,3
4363.png,3
5817.png,3
1057.png,3
4590.png,3
379.png,3
869.png,3
1196.png,3
2503.png,3
1273.png,3
6461.png,3
4893.png,3
5656.png,3
744.png,3
1061.png,3
4980.png,3
367.png,3
1413.png,3
5894.png,3
346.png,3
4342.png,3
5785.png,3
5651.png,3
2908.png,3
5573.png,3
6369.png,3
3151.png,3
4944.png,3
6059.png,3
2491.png,3
2403.png,3
3465.png,3
7136.png,3
6766.png,3
3380.png,3
1388.png,3
1957.png,3
6906.png,3
4118.png,3
6180.png,3
5978.png,3
6696.png,3
1218.png,3
2766.png,3
5925.png,3
2523.png,3
1268.png,3
1619.png,3
1106.png,3
1292.png,3
5077.png,3
4146.png,3
1632.png,3
7011.png,3
6384.png,3
4906.png,3
923.png,3
1909.png,3
1708.png,3
1687.png,3
4791.png,3
646.png,3
6388.png,3
506.png,3
5763.png,3
4012.png,3
4758.png,3
998.png,3
1067.png,3
3398.png,3
414.png,3
2062.png,3
1939.png,3
3050.png,3
2637.png,3
5345.png,3
5397.png,3
665.png,3
3447.png,3
842.png,3
4815.png,3
3627.png,3
2301.png,3
5526.png,3
4023.png,3
2685.png,3
784.png,3
2360.png,3
6150.png,3
4579.png,3
3206.png,3
2188.png,3
5553.png,3
190.png,3
2569.png,3
3783.png,3
745.png,3
3769.png,3
3529.png,3
1819.png,3
3608.png,3
1168.png,3
4310.png,3
523.png,3
5822.png,3
5413.png,3
1714.png,3
4211.png,3
5724.png,3
6835.png,3
2921.png,3
1204.png,3
1641.png,3
5464.png,3
1020.png,3
2214.png,3
2556.png,3
3015.png,3
3655.png,3
1077.png,3
293.png,3
6128.png,3
6926.png,3
3641.png,3
6276.png,3
6567.png,3
3654.png,3
6154.png,3
780.png,3
5469.png,3
6619.png,3
1568.png,3
2013.png,3
4971.png,3
4337.png,3
2051.png,3
5883.png,3
624.png,3
5132.png,3
1209.png,3
4985.png,3
6282.png,3
2647.png,3
4840.png,3
2168.png,3
4859.png,3
111.png,3
4217.png,3
699.png,3
195.png,3
5193.png,3
369.png,3
1642.png,3
3445.png,3
55.png,3
6722.png,3
2161.png,3
2773.png,3
760.png,3
7144.png,3
1242.png,3
6255.png,3
844.png,3
6525.png,3
5676.png,3
3804.png,3
2798.png,3
2435.png,3
4358.png,3
217.png,3
5796.png,3
319.png,3
6339.png,3
5024.png,3
1040.png,3
4563.png,3
6036.png,3
2987.png,3
5500.png,3
4740.png,3
6533.png,3
598.png,3
1333.png,3
4159.png,3
1374.png,3
651.png,3
5256.png,3
1865.png,3
2755.png,3
2665.png,3
335.png,3
5044.png,3
719.png,3
4736.png,3
2266.png,3
6391.png,3
3572.png,3
5096.png,3
4253.png,3
4757.png,3
1420.png,3
200.png,3
1351.png,3
6351.png,3
6615.png,3
695.png,3
612.png,3
5543.png,3
1791.png,3
7061.png,3
3669.png,3
5964.png,3
222.png,3
1891.png,3
5246.png,3
1778.png,3
2875.png,3
3413.png,3
5508.png,3
1665.png,3
3637.png,3
641.png,3
5986.png,3
2313.png,3
5856.png,3
1774.png,3
6301.png,3
5313.png,3
6885.png,3
6791.png,3
6858.png,3
332.png,3
6482.png,3
6523.png,3
7173.png,3
1697.png,3
4240.png,3
1946.png,3
2448.png,3
1610.png,3
3253.png,3
4902.png,3
4943.png,3
1060.png,3
5284.png,3
6192.png,3
1576.png,3
6570.png,3
5385.png,3
2292.png,3
1213.png,3
1866.png,3
3439.png,3
1028.png,3
5606.png,3
6117.png,3
4620.png,3
3979.png,3
455.png,3
6566.png,3
3068.png,3
1203.png,3
36.png,3
4675.png,3
5989.png,3
2709.png,3
6328.png,3
6297.png,3
6892.png,3
1809.png,3
2573.png,3
4164.png,3
2893.png,3
6649.png,3
5878.png,3
21.png,3
288.png,3
2515.png,3
3811.png,3
1630.png,3
5569.png,3
4454.png,3
3214.png,3
2171.png,3
2509.png,3
3987.png,3
2004.png,3
4780.png,3
7148.png,3
1925.png,3
7168.png,3
6849.png,3
5922.png,3
4634.png,3
2440.png,3
1241.png,3
2531.png,3
1385.png,3
4769.png,3
488.png,3
5234.png,3
6943.png,3
5556.png,3
1403.png,3
3433.png,3
1267.png,3
6223.png,3
210.png,3
5542.png,3
2810.png,3
3862.png,3
2130.png,3
3535.png,3
5585.png,3
3197.png,3
4764.png,3
5565.png,3
1538.png,3
1842.png,3
2236.png,3
7025.png,3
5687.png,3
1294.png,3
1870.png,3
6951.png,3
810.png,3
38.png,3
4022.png,3
1813.png,3
5845.png,3
3653.png,3
4361.png,3
5998.png,3
7120.png,3
4802.png,3
6707.png,3
4213.png,3
6526.png,3
5038.png,3
3355.png,3
5145.png,3
4227.png,3
4195.png,3
3228.png,3
2073.png,3
4428.png,3
2371.png,3
2027.png,3
951.png,3
6021.png,3
2471.png,3
4436.png,3
6856.png,3
7055.png,3
5593.png,3
1629.png,3
3120.png,3
5317.png,3
652.png,3
3748.png,3
5215.png,3
3491.png,3
732.png,3
2275.png,3
3024.png,3
1769.png,3
4628.png,3
1305.png,3
2585.png,3
7084.png,3
3539.png,3
2822.png,3
1485.png,3
6956.png,3
6419.png,3
1555.png,3
6254.png,3
439.png,3
1649.png,3
5738.png,3
1453.png,3
1404.png,3
1253.png,3
1677.png,3
1879.png,3
2655.png,3
595.png,3
4629.png,3
2867.png,3
6001.png,3
3126.png,3
735.png,3
2134.png,3
516.png,3
4849.png,3
917.png,3
5274.png,3
1645.png,3
938.png,3
2005.png,3
1007.png,3
2937.png,3
3865.png,3
2772.png,3
6438.png,3
1904.png,3
5425.png,3
633.png,3
5053.png,3
1394.png,3
7113.png,3
5545.png,3
5441.png,3
6680.png,3
4006.png,3
3982.png,3
4126.png,3
6801.png,3
511.png,3
3766.png,3
2841.png,3
4266.png,3
1349.png,3
891.png,3
3809.png,3
2739.png,3
1389.png,3
3980.png,3
6887.png,3
4074.png,3
799.png,3
1695.png,3
1186.png,3
786.png,3
778.png,3
6214.png,3
3630.png,3
6014.png,3
1094.png,3
731.png,3
6063.png,3
5826.png,3
5023.png,3
2547.png,3
6321.png,3
3341.png,3
2946.png,3
409.png,3
3436.png,3
2034.png,3
5410.png,3
2323.png,3
5570.png,3
4970.png,3
5736.png,3
3056.png,3
2247.png,3
3620.png,3
3590.png,3
2284.png,3
4083.png,3
4066.png,3
4704.png,3
4745.png,3
2388.png,3
3908.png,3
2237.png,3
5889.png,3
5623.png,3
2278.png,3
2776.png,3
698.png,3
728.png,3
6912.png,3
1277.png,3
6805.png,3
204.png,3
375.png,3
3478.png,3
6185.png,3
3764.png,3
6172.png,3
5067.png,3
3320.png,3
4532.png,3
426.png,3
6806.png,3
23.png,3
2006.png,3
6740.png,3
1360.png,3
3347.png,3
4509.png,3
3831.png,3
5047.png,3
6315.png,3
2868.png,3
5462.png,3
970.png,3
6397.png,3
6332.png,3
6719.png,3
481.png,3
4770.png,3
690.png,3
7000.png,3
5356.png,3
3297.png,3
480.png,3
5759.png,3
4440.png,3
3055.png,3
4931.png,3
1530.png,3
6861.png,3
1544.png,3
2473.png,3
1666.png,3
5522.png,3
2778.png,3
4388.png,3
3652.png,3
6532.png,3
664.png,3
6314.png,3
5108.png,3
4824.png,3
348.png,3
940.png,3
620.png,3
4930.png,3
5701.png,3
4615.png,3
241.png,3
3483.png,3
1703.png,3
2831.png,3
2064.png,3
5781.png,3
2256.png,3
1857.png,3
1066.png,3
454.png,3
7159.png,3
2912.png,3
362.png,3
2295.png,3
504.png,3
5637.png,3
3296.png,3
3274.png,3
6828.png,3
5290.png,3
3000.png,3
1620.png,3
4458.png,3
502.png,3
4439.png,3
4020.png,3
3534.png,3
1731.png,3
2507.png,3
3802.png,3
5279.png,3
4870.png,3
6750.png,3
281.png,3
1519.png,3
407.png,3
4107.png,3
405.png,3
392.png,3
4344.png,3
4366.png,3
5806.png,3
4429.png,3
3754.png,3
5445.png,3
320.png,3
3290.png,3
2460.png,3
2488.png,3
6659.png,3
300.png,3
4481.png,3
4013.png,3
6726.png,3
2543.png,3
6972.png,3
2892.png,3
1450.png,3
2721.png,3
6138.png,3
3177.png,3
4449.png,3
5745.png,3
6789.png,3
4198.png,3
7036.png,3
1154.png,3
6638.png,3
4654.png,3
4708.png,3
1098.png,3
3531.png,3
6476.png,3
3452.png,3
5099.png,3
377.png,3
2974.png,3
1832.png,3
6359.png,3
3357.png,3
6132.png,3
3878.png,3
429.png,3
967.png,3
4490.png,3
6215.png,3
1574.png,3
1647.png,3
265.png,3
4667.png,3
30.png,3
6815.png,3
6654.png,3
5827.png,3
989.png,3
50.png,3
785.png,3
5504.png,3
2203.png,3
1565.png,3
4330.png,3
4753.png,3
2198.png,3
1271.png,3
469.png,3
5835.png,3
572.png,3
7056.png,3
158.png,3
2866.png,3
2742.png,3
2470.png,3
2885.png,3
2433.png,3
6208.png,3
1822.png,3
4479.png,3
2049.png,3
5625.png,3
750.png,3
1262.png,3
2148.png,3
2174.png,3
396.png,3
271.png,3
4693.png,3
1415.png,3
3514.png,3
5194.png,3
5218.png,3
5525.png,3
3102.png,3
3488.png,3
4147.png,3
6160.png,3
6224.png,3
6217.png,3
6082.png,3
3435.png,3
4818.png,3
1711.png,3
4035.png,3
2927.png,3
2287.png,3
687.png,3
6349.png,3
4376.png,3
4127.png,3
1525.png,3
4892.png,3
4777.png,3
3080.png,3
462.png,3
6260.png,3
5082.png,3
3768.png,3
1623.png,3
2922.png,3
4750.png,3
4851.png,3
7167.png,3
251.png,3
374.png,3
4638.png,3
875.png,3
6378.png,3
5323.png,3
3385.png,3
5051.png,3
4229.png,3
3190.png,3
3291.png,3
5339.png,3
4412.png,3
4274.png,3
3123.png,3
5187.png,3
1701.png,3
602.png,3
6481.png,3
5706.png,3
4100.png,3
2170.png,3
5328.png,3
3105.png,3
6710.png,3
1304.png,3
6633.png,3
5478.png,3
3583.png,3
1170.png,3
4435.png,3
3390.png,3
4001.png,3
3728.png,3
2133.png,3
840.png,3
5137.png,3
2424.png,3
5838.png,3
5360.png,3
2298.png,3
3280.png,3
314.png,3
6229.png,3
4261.png,3
3715.png,3
7018.png,3
3603.png,3
5836.png,3
6220.png,3
4605.png,3
483.png,3
5512.png,3
6109.png,3
7129.png,3
4497.png,3
6173.png,3
2356.png,3
1113.png,3
161.png,3
2164.png,3
6425.png,3
315.png,3
3915.png,3
5297.png,3
45.png,3
2977.png,3
5192.png,3
5075.png,3
1152.png,3
1288.png,3
3022.png,3
6924.png,3
2743.png,3
5372.png,3
6232.png,3
5205.png,3
948.png,3
3678.png,3
538.png,3
1961.png,3
6667.png,3
1299.png,3
7070.png,3
3817.png,3
2033.png,3
4712.png,3
772.png,3
4212.png,3
3551.png,3
1070.png,3
1160.png,3
1542.png,3
4703.png,3
3734.png,3
2504.png,3
3752.png,3
1937.png,3
6400.png,3
611.png,3
1165.png,3
6292.png,3
1812.png,3
2705.png,3
4588.png,3
6219.png,3
1648.png,3
7139.png,3
2805.png,3
2648.png,3
3.png,3
5281.png,3
3801.png,3
394.png,3
568.png,3
6775.png,3
5756.png,3
1006.png,3
6834.png,3
4487.png,3
717.png,3
5283.png,3
3454.png,3
3053.png,3
6050.png,3
942.png,3
4680.png,3
5727.png,3
2713.png,3
959.png,3
5476.png,3
4228.png,3
1569.png,3
3730.png,3
1686.png,3
4119.png,3
802.png,3
2985.png,3
3412.png,3
6765.png,3
6121.png,3
70.png,3
5584.png,3
6462.png,3
1043.png,3
6540.png,3
35.png,3
749.png,3
1296.png,3
1044.png,3
6266.png,3
2631.png,3
2123.png,3
2076.png,3
5915.png,3
1694.png,3
962.png,3
2999.png,3
2784.png,3
1979.png,3
4355.png,3
4702.png,3
2858.png,3
2897.png,3
3295.png,3
7147.png,3
5039.png,3
4673.png,3
1010.png,3
1777.png,3
1768.png,3
556.png,3
6275.png,3
546.png,3
292.png,3
4383.png,3
152.png,3
1082.png,3
2734.png,3
6368.png,3
5152.png,3
2382.png,3
7068.png,3
5499.png,3
5997.png,3
5869.png,3
7064.png,3
4380.png,3
565.png,3
5675.png,3
6177.png,3
6468.png,3
6188.png,3
6635.png,3
585.png,3
6324.png,3
1414.png,3
2878.png,3
4270.png,3
2843.png,3
3574.png,3
5286.png,3
1617.png,3
1746.png,3
4418.png,3
5458.png,3
711.png,3
3249.png,3
2173.png,3
3349.png,3
4700.png,3
6309.png,3
1355.png,3
6273.png,3
6546.png,3
3222.png,3
5880.png,3
1036.png,3
3324.png,3
3391.png,3
1088.png,3
5517.png,3
567.png,3
2804.png,3
1905.png,3
3523.png,3
3733.png,3
6664.png,3
2410.png,3
5375.png,3
1527.png,3
4958.png,3
4095.png,3
2084.png,3
573.png,3
4826.png,3
2108.png,3
1056.png,3
1395.png,3
6110.png,3
2701.png,3
4955.png,3
6097.png,3
6672.png,3
2304.png,3
544.png,3
4446.png,3
4455.png,3
7156.png,3
2775.png,3
1489.png,3
4632.png,3
2855.png,3
5534.png,3
3632.png,3
7013.png,3
438.png,3
3003.png,3
4463.png,3
33.png,3
2609.png,3
826.png,3
5352.png,3
3852.png,3
1673.png,3
5561.png,3
6670.png,3
4191.png,3
6409.png,3
6514.png,3
221.png,3
7158.png,3
76.png,3
4695.png,3
2852.png,3
6994.png,3
7022.png,3
2029.png,3
2558.png,3
5429.png,3
3457.png,3
6563.png,3
4305.png,3
1387.png,3
3033.png,3
5337.png,3
1377.png,3
3615.png,3
1655.png,3
2142.png,3
4540.png,3
1806.png,3
6720.png,3
7123.png,3
684.png,3
529.png,3
2498.png,3
6330.png,3
4924.png,3
4056.png,3
3246.png,3
1002.png,3
2838.png,3
4233.png,3
6709.png,3
130.png,3
4239.png,3
4687.png,3
11.png,3
7133.png,3
5948.png,3
6427.png,3
1503.png,3
6446.png,3
6225.png,3
1794.png,3
1896.png,3
969.png,3
124.png,3
2373.png,3
2226.png,3
5755.png,3
5572.png,3
3805.png,3
6333.png,3
843.png,3
3172.png,3
3956.png,3
5154.png,3
4905.png,3
6007.png,3
5926.png,3
5559.png,3
7150.png,3
577.png,3
3134.png,3
2209.png,3
5639.png,3
6568.png,3
4405.png,3
4596.png,3
2732.png,3
579.png,3
2442.png,3
7062.png,3
258.png,3
3556.png,3
2400.png,3
3326.png,3
2358.png,3
1324.png,3
3382.png,3
3648.png,3
1618.png,3
4710.png,3
5399.png,3
1397.png,3
1689.png,3
2464.png,3
4333.png,3
3683.png,3
6727.png,3
6780.png,3
6296.png,3
1480.png,3
334.png,3
2018.png,3
753.png,3
4466.png,3
5954.png,3
6914.png,3
6543.png,3
5022.png,3
3563.png,3
3859.png,3
6083.png,3
1540.png,3
5220.png,3
2794.png,3
543.png,3
4080.png,3
2227.png,3
1956.png,3
2387.png,3
501.png,3
5008.png,3
1345.png,3
4650.png,3
1862.png,3
356.png,3
5789.png,3
5355.png,3
5398.png,3
4347.png,3
6621.png,3
2419.png,3
3972.png,3
475.png,3
4928.png,3
4833.png,3
1348.png,3
3638.png,3
860.png,3
3553.png,3
1227.png,3
6472.png,3
525.png,3
3144.png,3
110.png,3
1955.png,3
6017.png,3
4682.png,3
1029.png,3
5347.png,3
2489.png,3
6679.png,3
5617.png,3
2848.png,3
1990.png,3
145.png,3
4665.png,3
3885.png,3
4200.png,3
6909.png,3
549.png,3
3827.png,3
6072.png,3
723.png,3
3414.png,3
2312.png,3
2537.png,3
830.png,3
5295.png,3
887.png,3
1278.png,3
2830.png,3
1808.png,3
34.png,3
988.png,3
168.png,3
5260.png,3
4709.png,3
2136.png,3
3776.png,3
5849.png,3
2592.png,3
2355.png,3
4785.png,3
2023.png,3
3843.png,3
5032.png,3
5575.png,3
3223.png,3
2951.png,3
4231.png,3
1490.png,3
3501.png,3
5539.png,3
4352.png,3
5969.png,3
1967.png,3
3260.png,3
710.png,3
601.png,3
3540.png,3
6841.png,3
2806.png,3
1329.png,3
6286.png,3
4787.png,3
2512.png,3
5719.png,3
4941.png,3
81.png,3
3464.png,3
322.png,3
249.png,3
6015.png,3
5728.png,3
7097.png,3
351.png,3
5624.png,3
4929.png,3
5802.png,3
1770.png,3
386.png,3
1906.png,3
1481.png,3
3161.png,3
4314.png,3
3694.png,3
4106.png,3
3430.png,3
5480.png,3
1367.png,3
2645.png,3
3585.png,3
3343.png,3
4735.png,3
3566.png,3
418.png,3
509.png,3
3593.png,3
2644.png,3
2792.png,3
4874.png,3
4014.png,3
628.png,3
5380.png,3
3672.png,3
4263.png,3
3366.png,3
1612.png,3
4744.png,3
2061.png,3
6383.png,3
4698.png,3
1734.png,3
7153.png,3
1761.png,3
83.png,3
1693.png,3
52.png,3
878.png,3
4.png,3
3399.png,3
1793.png,3
6599.png,3
615.png,3
2294.png,3
6897.png,3
4979.png,3
5832.png,3
6360.png,3
2144.png,3
1446.png,3
6044.png,3
4323.png,3
3372.png,3
2019.png,3
5449.png,3
4821.png,3
5994.png,3
816.png,3
6623.png,3
2090.png,3
6895.png,3
2800.png,3
1052.png,3
96.png,3
6569.png,3
224.png,3
4175.png,3
227.png,3
4399.png,3
4041.png,3
6561.png,3
2594.png,3
1850.png,3
4422.png,3
1514.png,3
4855.png,3
2983.png,3
5798.png,3
1083.png,3
3335.png,3
1692.png,3
3066.png,3
3251.png,3
5959.png,3
1682.png,3
2306.png,3
2432.png,3
3073.png,3
4741.png,3
3709.png,3
7032.png,3
313.png,3
3070.png,3
6479.png,3
3166.png,3
2127.png,3
6997.png,3
3468.png,3
4196.png,3
3475.png,3
3286.png,3
6876.png,3
4389.png,3
650.png,3
5768.png,3
3893.png,3
849.png,3
5002.png,3
2411.png,3
867.png,3
6580.png,3
2681.png,3
5665.png,3
4519.png,3
4448.png,3
3009.png,3
2495.png,3
61.png,3
2840.png,3
4762.png,3
345.png,3
2487.png,3
1379.png,3
4406.png,3
1465.png,3
3339.png,3
1873.png,3
3521.png,3
1014.png,3
5388.png,3
5531.png,3
2777.png,3
5404.png,3
920.png,3
4568.png,3
1181.png,3
6191.png,3
7151.png,3
2686.png,3
2550.png,3
5142.png,3
5114.png,3
4054.png,3
2189.png,3
3263.png,3
2364.png,3
7149.png,3
583.png,3
1517.png,3
6151.png,3
3026.png,3
1948.png,3
4142.png,3
1074.png,3
5057.png,3
2886.png,3
6005.png,3
5748.png,3
5095.png,3
3688.png,3
805.png,3
2309.png,3
5237.png,3
6437.png,3
6811.png,3
5960.png,3
6395.png,3
2207.png,3
1423.png,3
5013.png,3
3755.png,3
5166.png,3
107.png,3
1009.png,3
984.png,3
5374.png,3
3163.png,3
629.png,3
3353.png,3
902.png,3
466.png,3
4075.png,3
4527.png,3
1257.png,3
4805.png,3
1852.png,3
84.png,3
4255.png,3
3216.png,3
2262.png,3
5089.png,3
2584.png,3
7127.png,3
6353.png,3
4772.png,3
3880.png,3
1802.png,3
1872.png,3
4431.png,3
5516.png,3
3494.png,3
6777.png,3
5546.png,3
4738.png,3
6089.png,3
3917.png,3
6311.png,3
1926.png,3
5354.png,3
1380.png,3
444.png,3
2453.png,3
2960.png,3
5502.png,3
648.png,3
6992.png,3
1344.png,3
6105.png,3
327.png,3
3077.png,3
3789.png,3
4131.png,3
6125.png,3
3411.png,3
2045.png,3
62.png,3
1138.png,3
1371.png,3
4345.png,3
135.png,3
995.png,3
1240.png,3
193.png,3
4371.png,3
1332.png,3
5660.png,3
4302.png,3
1105.png,3
5891.png,3
5011.png,3
4306.png,3
1646.png,3
5901.png,3
4636.png,3
4722.png,3
766.png,3
2042.png,3
6573.png,3
2097.png,3
6852.png,3
3700.png,3
1506.png,3
2091.png,3
2740.png,3
4273.png,3
5401.png,3
6209.png,3
4377.png,3
4086.png,3
2345.png,3
7005.png,3
6197.png,3
6018.png,3
4292.png,3
4382.png,3
3974.png,3
1912.png,3
738.png,3
287.png,3
4278.png,3
2816.png,3
5213.png,3
1359.png,3
6616.png,3
4730.png,3
2177.png,3
3950.png,3
6182.png,3
4788.png,3
5834.png,3
1433.png,3
1859.png,3
823.png,3
3148.png,3
5078.png,3
1405.png,3
981.png,3
1445.png,3
3359.png,3
5552.png,3
6918.png,3
4607.png,3
6950.png,3
3723.png,3
645.png,3
769.png,3
6144.png,3
5435.png,3
5679.png,3
5042.png,3
2070.png,3
1243.png,3
1699.png,3
4102.png,3
6140.png,3
1815.png,3
6625.png,3
3828.png,3
3496.png,3
2420.png,3
1908.png,3
4997.png,3
2107.png,3
736.png,3
6152.png,3
4595.png,3
2349.png,3
6520.png,3
1823.png,3
5646.png,3
1552.png,3
2797.png,3
3696.png,3
4910.png,3
6711.png,3
4760.png,3
6231.png,3
47.png,3
4616.png,3
4437.png,3
2869.png,3
5590.png,3
953.png,3
6375.png,3
1637.png,3
2602.png,3
5868.png,3
1730.png,3
1314.png,3
4210.png,3
3550.png,3
5579.png,3
6785.png,3
6281.png,3
2896.png,3
1272.png,3
64.png,3
2986.png,3
5093.png,3
4794.png,3
4795.png,3
1950.png,3
2954.png,3
6467.png,3
3257.png,3
6862.png,3
4534.png,3
7104.png,3
7118.png,3
457.png,3
4733.png,3
6410.png,3
6944.png,3
6203.png,3
4953.png,3
3812.png,3
54.png,3
6094.png,3
2496.png,3
2989.png,3
187.png,3
7054.png,3
6698.png,3
3054.png,3
2329.png,3
6998.png,3
4027.png,3
2802.png,3
3742.png,3
4408.png,3
5910.png,3
2694.png,3
3928.png,3
5135.png,3
5267.png,3
2216.png,3
6652.png,3
4104.png,3
415.png,3
5551.png,3
1759.png,3
3746.png,3
876.png,3
5981.png,3
1545.png,3
6489.png,3
5158.png,3
6076.png,3
6065.png,3
4169.png,3
4957.png,3
2825.png,3
980.png,3
4387.png,3
6714.png,3
6408.png,3
6455.png,3
223.png,3
5419.png,3
2920.png,3
6.png,3
6184.png,3
1378.png,3
5001.png,3
4812.png,3
6257.png,3
4900.png,3
3720.png,3
5913.png,3
674.png,3
1458.png,3
1709.png,3
2486.png,3
2413.png,3
1930.png,3
1219.png,3
4526.png,3
6986.png,3
2274.png,3
3965.png,3
3836.png,3
4582.png,3
5367.png,3
1899.png,3
6524.png,3
465.png,3
6713.png,3
4494.png,3
7100.png,3
275.png,3
4573.png,3
5177.png,3
4504.png,3
715.png,3
2224.png,3
3230.png,3
163.png,3
395.png,3
2712.png,3
25.png,3
4154.png,3
4516.png,3
7119.png,3
3132.png,3
2518.png,3
2678.png,3
4009.png,3
3051.png,3
4967.png,3
3958.png,3
7077.png,3
5911.png,3
575.png,3
2012.png,3
4899.png,3
3952.png,3
3198.png,3
5033.png,3
4067.png,3
2541.png,3
533.png,3
4737.png,3
1195.png,3
5409.png,3
1750.png,3
6560.png,3
6795.png,3
5111.png,3
342.png,3
6582.png,3
2993.png,3
1796.png,3
2915.png,3
500.png,3
4176.png,3
2608.png,3
144.png,3
6865.png,3
120.png,3
5115.png,3
1429.png,3
4093.png,3
2527.png,3
5953.png,3
1117.png,3
1547.png,3
5862.png,3
2535.png,3
3580.png,3
4598.png,3
1698.png,3
3310.png,3
5196.png,3
740.png,3
3846.png,3
963.png,3
42.png,3
915.png,3
3099.png,3
770.png,3
1135.png,3
5577.png,3
6666.png,3
437.png,3
2116.png,3
5157.png,3
3052.png,3
3591.png,3
4116.png,3
6618.png,3
3662.png,3
299.png,3
5898.png,3
877.png,3
5226.png,3
4583.png,3
6428.png,3
6226.png,3
2962.png,3
2122.png,3
2677.png,3
1177.png,3
433.png,3
6170.png,3
6055.png,3
3906.png,3
4949.png,3
6346.png,3
3737.png,3
3996.png,3
6222.png,3
670.png,3
4913.png,3
5793.png,3
3798.png,3
1980.png,3
5757.png,3
6550.png,3
2359.png,3
2195.png,3
39.png,3
1507.png,3
1141.png,3
487.png,3
4781.png,3
3528.png,3
4587.png,3
964.png,3
5571.png,3
5483.png,3
6981.png,3
6019.png,3
1290.png,3
6732.png,3
6038.png,3
1101.png,3
4205.png,3
3761.png,3
2606.png,3
6678.png,3
531.png,3
3082.png,3
4872.png,3
5020.png,3
173.png,3
2289.png,3
1894.png,3
364.png,3
4254.png,3
7172.png,3
6880.png,3
2354.png,3
3191.png,3
5377.png,3
5733.png,3
6498.png,3
5405.png,3
2826.png,3
6057.png,3
4830.png,3
1599.png,3
2948.png,3
2163.png,3
1938.png,3
1120.png,3
4766.png,3
5780.png,3
6398.png,3
2320.png,3
1235.png,3
6163.png,3
4987.png,3
4187.png,3
6364.png,3
6541.png,3
5804.png,3
1969.png,3
2190.png,3
3790.png,3
1175.png,3
892.png,3
1192.png,3
3139.png,3
6630.png,3
1365.png,3
6824.png,3
6239.png,3
5009.png,3
904.png,3
5105.png,3
174.png,3
1191.png,3
3272.png,3
4151.png,3
117.png,3
1654.png,3
301.png,3
3308.png,3
6737.png,3
2093.png,3
6936.png,3
3029.png,3
2069.png,3
6071.png,3
2452.png,3
3760.png,3
2015.png,3
6486.png,3
5018.png,3
647.png,3
4918.png,3
2328.png,3
1748.png,3
5980.png,3
4843.png,3
6358.png,3
5596.png,3
1944.png,3
3063.png,3
4512.png,3
252.png,3
97.png,3
5765.png,3
3049.png,3
1960.png,3
3032.png,3
3595.png,3
1443.png,3
2978.png,3
5467.png,3
2955.png,3
4189.png,3
5588.png,3
5840.png,3
5618.png,3
763.png,3
593.png,3
2872.png,3
3095.png,3
833.png,3
1156.png,3
3799.png,3
6930.png,3
90.png,3
3871.png,3
2279.png,3
2545.png,3
3284.png,3
6913.png,3
372.png,3
3780.png,3
4813.png,3
1733.png,3
6967.png,3
613.png,3
60.png,3
3305.png,3
709.png,3
3316.png,3
101.png,3
3460.png,3
184.png,3
59.png,3
4956.png,3
4042.png,3
592.png,3
4134.png,3
3993.png,3
2702.png,3
6004.png,3
3416.png,3
2186.png,3
4193.png,3
1462.png,3
460.png,3
2817.png,3
139.png,3
1396.png,3
4681.png,3
2559.png,3
609.png,3
4926.png,3
2546.png,3
6996.png,3
269.png,3
5221.png,3
378.png,3
5714.png,3
3200.png,3
5498.png,3
3423.png,3
1868.png,3
5965.png,3
371.png,3
5787.png,3
3645.png,3
92.png,3
4414.png,3
3951.png,3
328.png,3
6269.png,3
5930.png,3
5305.png,3
3673.png,3
1486.png,3
7082.png,3
3242.png,3
5644.png,3
841.png,3
3712.png,3
7007.png,3
37.png,3
5116.png,3
6201.png,3
5530.png,3
4050.png,3
1643.png,3
6470.png,3
3159.png,3
2591.png,3
2738.png,3
7006.png,3
7049.png,3
2851.png,3
6781.png,3
5155.png,3
1436.png,3
6129.png,3
4880.png,3
2722.png,3
1045.png,3
5592.png,3
4264.png,3
5966.png,3
1230.png,3
5073.png,3
3594.png,3
3997.png,3
746.png,3
5648.png,3
2629.png,3
3741.png,3
7125.png,3
4816.png,3
4243.png,3
2688.png,3
721.png,3
3109.png,3
3112.png,3
4688.png,3
4036.png,3
4249.png,3
5532.png,3
6181.png,3
3939.png,3
2183.png,3
2112.png,3
1339.png,3
1032.png,3
1871.png,3
6060.png,3
7067.png,3
3716.png,3
4280.png,3
5560.png,3
3476.png,3
5040.png,3
6749.png,3
5657.png,3
4160.png,3
6115.png,3
384.png,3
987.png,3
2814.png,3
4346.png,3
459.png,3
3113.png,3
858.png,3
5037.png,3
1611.png,3
6736.png,3
6565.png,3
1616.png,3
1737.png,3
2566.png,3
4909.png,3
2576.png,3
7105.png,3
660.png,3
3705.png,3
5418.png,3
6483.png,3
666.png,3
2874.png,3
4799.png,3
146.png,3
3270.png,3
5150.png,3
6033.png,3
2001.png,3
3739.png,3
3133.png,3
331.png,3
5941.png,3
5912.png,3
1717.png,3
1148.png,3
2884.png,3
6650.png,3
932.png,3
5392.png,3
2679.png,3
226.png,3
1166.png,3
1680.png,3
3873.png,3
1482.png,3
3607.png,3
4081.png,3
1183.png,3
3548.png,3
1922.png,3
4476.png,3
4936.png,3
6522.png,3
642.png,3
476.png,3
1172.png,3
1171.png,3
1133.png,3
363.png,3
5810.png,3
2121.png,3
6456.png,3
4048.png,3
2101.png,3
649.png,3
2729.png,3
1571.png,3
2269.png,3
1614.png,3
4033.png,3
2156.png,3
6948.png,3
485.png,3
178.png,3
5753.png,3
1981.png,3
851.png,3
468.png,3
6588.png,3
4411.png,3
6047.png,3
242.png,3
1919.png,3
4726.png,3
1585.png,3
2372.png,3
5574.png,3
7035.png,3
2385.png,3
7128.png,3
5191.png,3
4875.png,3
2412.png,3
4939.png,3
5568.png,3
5292.png,3
6216.png,3
7.png,3
5090.png,3
6213.png,3
1408.png,3
1247.png,3
3907.png,3
2935.png,3
1244.png,3
447.png,3
3023.png,3
6776.png,3
5839.png,3
838.png,3
1022.png,3
1511.png,3
2152.png,3
933.png,3
5876.png,3
6938.png,3
1449.png,3
4993.png,3
4857.png,3
2288.png,3
2724.png,3
4452.png,3
5924.png,3
5897.png,3
886.png,3
4748.png,3
1091.png,3
3631.png,3
6962.png,3
2638.png,3
4157.png,3
114.png,3
2801.png,3
3293.png,3
1662.png,3
3832.png,3
2253.png,3
5227.png,3
1122.png,3
3252.png,3
4267.png,3
2882.png,3
5750.png,3
968.png,3
6921.png,3
5875.png,3
5550.png,3
3352.png,3
3640.png,3
5684.png,3
2715.png,3
4811.png,3
3463.png,3
6323.png,3
5490.png,3
5533.png,3
2270.png,3
1883.png,3
5683.png,3
2936.png,3
4235.png,3
3419.png,3
4670.png,3
6299.png,3
436.png,3
6995.png,3
5079.png,3
7143.png,3
280.png,3
3625.png,3
3461.png,3
267.png,3
118.png,3
5048.png,3
3616.png,3
6893.png,3
5346.png,3
2603.png,3
289.png,3
727.png,3
1827.png,3
6194.png,3
4529.png,3
1128.png,3
4029.png,3
2707.png,3
6041.png,3
3420.png,3
4245.png,3
2102.png,3
5580.png,3
207.png,3
2957.png,3
6904.png,3
1328.png,3
6155.png,3
1054.png,3
2931.png,3
4546.png,3
5699.png,3
5627.png,3
2082.png,3
3422.png,3
6952.png,3
2351.png,3
3209.png,3
5681.png,3
1393.png,3
5006.png,3
2431.png,3
6662.png,3
5065.png,3
2040.png,3
729.png,3
6910.png,3
781.png,3
6165.png,3
1561.png,3
3643.png,3
5782.png,3
1386.png,3
5143.png,3
6139.png,3
1588.png,3
5843.png,3
2940.png,3
1672.png,3
4005.png,3
1346.png,3
5482.png,3
5224.png,3
2377.png,3
274.png,3
7030.png,3
2967.png,3
4246.png,3
1180.png,3
3968.png,3
2526.png,3
6238.png,3
5268.png,3
4755.png,3
7079.png,3
4354.png,3
1237.png,3
6613.png,3
1118.png,3
5232.png,3
5474.png,3
3111.png,3
1250.png,3
4774.png,3
5658.png,3
260.png,3
6440.png,3
2696.png,3
3509.png,3
1286.png,3
1546.png,3
3582.png,3
6265.png,3
5446.png,3
4068.png,3
1603.png,3
3328.png,3
517.png,3
4717.png,3
2994.png,3
5251.png,3
7045.png,3
3995.png,3
3895.png,3
2477.png,3
6900.png,3
4776.png,3
7087.png,3
4360.png,3
182.png,3
1366.png,3
1064.png,3
2094.png,3
4137.png,3
2282.png,3
2622.png,3
4867.png,3
1931.png,3
4391.png,3
5963.png,3
6603.png,3
6955.png,3
7044.png,3
5068.png,3
2020.png,3
7037.png,3
3317.png,3
3110.png,3
2611.png,3
5664.png,3
6285.png,3
6379.png,3
2711.png,3
56.png,3
5250.png,3
3959.png,3
1634.png,3
848.png,3
6259.png,3
2595.png,3
4611.png,3
563.png,3
3497.png,3
464.png,3
3456.png,3
5366.png,3
3233.png,3
913.png,3
1223.png,3
2979.png,3
4011.png,3
4162.png,3
4125.png,3
3397.png,3
3971.png,3
2132.png,3
1198.png,3
2220.png,3
6706.png,3
6734.png,3
1202.png,3
285.png,3
4223.png,3
3611.png,3
1432.png,3
2808.png,3
4003.png,3
4445.png,3
3546.png,3
2971.png,3
3245.png,3
109.png,3
6233.png,3
725.png,3
6113.png,3
6942.png,3
4328.png,3
5735.png,3
3199.png,3
4480.png,3
2482.png,3
4937.png,3
4934.png,3
4889.png,3
6634.png,3
3942.png,3
94.png,3
3201.png,3
4336.png,3
72.png,3
6450.png,3
4606.png,3
2845.png,3
4241.png,3
3020.png,3
347.png,3
4172.png,3
4850.png,3
1107.png,3
3227.png,3
4804.png,3
4038.png,3
5180.png,3
3808.png,3
5147.png,3
2990.png,3
123.png,3
560.png,3
3404.png,3
5148.png,3
6814.png,3
1710.png,3
4714.png,3
5097.png,3
4496.png,3
6609.png,3
2166.png,3
5961.png,3
7075.png,3
1383.png,3
2560.png,3
4351.png,3
6499.png,3
6268.png,3
1434.png,3
1674.png,3
829.png,3
6387.png,3
2140.png,3
5428.png,3
5609.png,3
1577.png,3
6963.png,3
3940.png,3
788.png,3
5016.png,3
4539.png,3
4113.png,3
3136.png,3
4835.png,3
2883.png,3
918.png,3
7176.png,3
6126.png,3
537.png,3
2339.png,3
3541.png,3
5433.png,3
4271.png,3
7109.png,3
3071.png,3
6863.png,3
2217.png,3
5695.png,3
6190.png,3
6552.png,3
3517.png,3
3175.png,3
3001.png,3
352.png,3
6699.png,3
5712.png,3
955.png,3
4139.png,3
5927.png,3
1476.png,3
3122.png,3
6480.png,3
3887.png,3
3221.png,3
2165.png,3
3835.png,3
6803.png,3
3825.png,3
3329.png,3
65.png,3
1993.png,3
1144.png,3
4782.png,3
4185.png,3
6759.png,3
1833.png,3
2511.png,3
973.png,3
3732.png,3
1613.png,3
4051.png,3
3762.png,3
1228.png,3
2276.png,3
4746.png,3
5289.png,3
5036.png,3
2474.png,3
119.png,3
4416.png,3
1220.png,3
1779.png,3
6857.png,3
5426.png,3
1900.png,3
5494.png,3
693.png,3
3392.png,3
1970.png,3
212.png,3
866.png,3
338.png,3
6771.png,3
1483.png,3
4986.png,3
1315.png,3
5563.png,3
1207.png,3
3325.png,3
5847.png,3
3458.png,3
6907.png,3
6112.png,3
2089.png,3
3520.png,3
1461.png,3
3075.png,3
1921.png,3
365.png,3
5484.png,3
5199.png,3
944.png,3
5858.png,3
4378.png,3
1477.png,3
3014.png,3
5156.png,3
1553.png,3
1609.png,3
1918.png,3
2695.png,3
6303.png,3
5677.png,3
5698.png,3
5497.png,3
85.png,3
3532.png,3
929.png,3
868.png,3
3981.png,3
3072.png,3
5957.png,3
605.png,3
5700.png,3
6471.png,3
4691.png,3
232.png,3
2280.png,3
2311.png,3
3236.png,3
4385.png,3
1112.png,3
1924.png,3
4252.png,3
4353.png,3
1578.png,3
5799.png,3
1372.png,3
889.png,3
587.png,3
6585.png,3
6511.png,3
3188.png,3
4761.png,3
634.png,3
3158.png,3
3806.png,3
5874.png,3
4348.png,3
2021.png,3
3698.png,3
6077.png,3
4128.png,3
6920.png,3
2151.png,3
5932.png,3
4820.png,3
4236.png,3
3686.png,3
266.png,3
3765.png,3
1528.png,3
6320.png,3
6463.png,3
1167.png,3
4373.png,3
496.png,3
5523.png,3
4101.png,3
4510.png,3
6420.png,3
1743.png,3
4410.png,3
3258.png,3
3204.png,3
2534.png,3
3554.png,3
6640.png,3
7164.png,3
6256.png,3
5395.png,3
3651.png,3
376.png,3
5659.png,3
5353.png,3
1499.png,3
5010.png,3
874.png,3
5554.png,3
5.png,3
5030.png,3
295.png,3
3756.png,3
6096.png,3
4060.png,3
3107.png,3
2890.png,3
63.png,3
5844.png,3
3218.png,3
5903.png,3
6042.png,3
2614.png,3
2767.png,3
7094.png,3
6240.png,3
3721.png,3
3074.png,3
3562.png,3
6571.png,3
3442.png,3
4731.png,3
3545.png,3
5479.png,3
2615.png,3
5603.png,3
2854.png,3
448.png,3
6873.png,3
657.png,3
2649.png,3
4601.png,3
4000.png,3
3363.png,3
1063.png,3
6258.png,3
3149.png,3
6993.png,3
2450.png,3
2467.png,3
6342.png,3
2135.png,3
4603.png,3
1092.png,3
5007.png,3
3919.png,3
5473.png,3
782.png,3
5795.png,3
2670.png,3
7015.png,3
2616.png,3
284.png,3
4896.png,3
7041.png,3
5338.png,3
3983.png,3
1312.png,3
6741.png,3
1601.png,3
3208.png,3
2829.png,3
4297.png,3
6272.png,3
4642.png,3
792.png,3
1149.png,3
1350.png,3
1749.png,3
1941.png,3
861.png,3
6198.png,3
1968.png,3
1491.png,3
895.png,3
5060.png,3
5739.png,3
685.png,3
4841.png,3
1231.png,3
6335.png,3
890.png,3
2067.png,3
2447.png,3
498.png,3
4666.png,3
5943.png,3
7117.png,3
2865.png,3
443.png,3
1752.png,3
6357.png,3
6739.png,3
3138.png,3
5519.png,3
6061.png,3
5043.png,3
527.png,3
3424.png,3
4822.png,3
2055.png,3
3961.png,3
926.png,3
6464.png,3
1058.png,3
5682.png,3
1835.png,3
4656.png,3
3903.png,3
2443.png,3
3857.png,3
6723.png,3
4959.png,3
5855.png,3
5996.png,3
4136.png,3
5273.png,3
353.png,3
6958.png,3
6812.png,3
2192.png,3
6796.png,3
3005.png,3
3788.png,3
1001.png,3
3954.png,3
1409.png,3
5291.png,3
6538.png,3
4010.png,3
2041.png,3
219.png,3
1129.png,3
4393.png,3
7027.png,3
4562.png,3
1392.png,3
6136.png,3
6576.png,3
4108.png,3
3813.png,3
1928.png,3
69.png,3
3250.png,3
5113.png,3
5029.png,3
6310.png,3
2625.png,3
2439.png,3
15.png,3
4545.png,3
4901.png,3
768.png,3
4728.png,3
5386.png,3
5336.png,3
4694.png,3
5721.png,3
2011.png,3
131.png,3
5693.png,3
354.png,3
3536.png,3
1537.png,3
2628.png,3
5670.png,3
3276.png,3
5955.png,3
5929.png,3
6433.png,3
2768.png,3
1051.png,3
6917.png,3
3513.png,3
6355.png,3
1323.png,3
1224.png,3
6317.png,3
3936.png,3
5379.png,3
7112.png,3
6987.png,3
2697.png,3
3552.png,3
309.png,3
4935.png,3
2975.png,3
1343.png,3
2813.png,3
6205.png,3
6725.png,3
2580.png,3
6274.png,3
7081.png,3
4922.png,3
2818.png,3
5331.png,3
787.png,3
4426.png,3
5175.png,3
4923.png,3
707.png,3
2380.png,3
6487.png,3
581.png,3
5402.png,3
765.png,3
4825.png,3
979.png,3
3839.png,3
4238.png,3
4732.png,3
5400.png,3
4390.png,3
1521.png,3
2396.png,3
5621.png,3
1775.png,3
3619.png,3
1593.png,3
2510.png,3
2563.png,3
4135.png,3
5747.png,3
3547.png,3
1656.png,3
3930.png,3
7047.png,3
6600.png,3
6484.png,3
996.png,3
6595.png,3
5950.png,3
75.png,3
382.png,3
5475.png,3
1300.png,3
3763.png,3
5949.png,3
5771.png,3
5471.png,3
3795.png,3
138.png,3
5859.png,3
4156.png,3
2058.png,3
7033.png,3
2632.png,3
4395.png,3
5821.png,3
4318.png,3
1897.png,3
1755.png,3
3311.png,3
5622.png,3
3484.png,3
5238.png,3
1081.png,3
3364.png,3
2347.png,3
6778.png,3
7124.png,3
4319.png,3
1807.png,3
2624.png,3
912.png,3
794.png,3
5853.png,3
3267.png,3
3659.png,3
4968.png,3
2408.png,3
3818.png,3
6731.png,3
2793.png,3
3621.png,3
6688.png,3
3834.png,3
2336.png,3
2568.png,3
4637.png,3
6253.png,3
619.png,3
6350.png,3
1126.png,3
4018.png,3
2098.png,3
2267.png,3
5451.png,3
3681.png,3
2259.png,3
4775.png,3
3169.png,3
2835.png,3
1187.png,3
1455.png,3
2731.png,3
2056.png,3
177.png,3
2092.png,3
1607.png,3
2926.png,3
835.png,3
5127.png,3
661.png,3
6363.png,3
4925.png,3
1535.png,3
3571.png,3
2862.png,3
3969.png,3
4940.png,3
5231.png,3
5329.png,3
218.png,3
4502.png,3
4329.png,3
5371.png,3
924.png,3
5690.png,3
2780.png,3
2036.png,3
4465.png,3
4619.png,3
4999.png,3
1399.png,3
2599.png,3
6966.png,3
5496.png,3
2857.png,3
4511.png,3
1631.png,3
5344.png,3
4951.png,3
6111.png,3
1321.png,3
6794.png,3
3486.png,3
1139.png,3
928.png,3
4419.png,3
2803.png,3
2389.png,3
427.png,3
4570.png,3
1200.png,3
1254.png,3
4331.png,3
3093.png,3
6316.png,3
1844.png,3
3039.png,3
2653.png,3
3676.png,3
2966.png,3
4560.png,3
2809.png,3
3909.png,3
2381.png,3
1772.png,3
5988.png,3
3084.png,3
4215.png,3
1945.png,3
3232.png,3
4550.png,3
4711.png,3
4094.png,3
6243.png,3
4809.png,3
2596.png,3
166.png,3
6434.png,3
1831.png,3
548.png,3
499.png,3
3850.png,3
1136.png,3
559.png,3
4141.png,3
6769.png,3
6293.png,3
6149.png,3
2593.png,3
5937.png,3
3255.png,3
4374.png,3
5485.png,3
2844.png,3
5294.png,3
2479.png,3
5266.png,3
3004.png,3
5208.png,3
5420.png,3
4492.png,3
804.png,3
5507.png,3
1964.png,3
3644.png,3
4602.png,3
5754.png,3
2334.png,3
3674.png,3
2065.png,3
359.png,3
1322.png,3
3062.png,3
6093.png,3
4072.png,3
3395.png,3
5421.png,3
3714.png,3
2513.png,3
2160.png,3
3533.png,3
2714.png,3
2398.png,3
5725.png,3
3967.png,3
24.png,3
1119.png,3
1390.png,3
2325.png,3
6799.png,3
4584.png,3
2458.png,3
1661.png,3
1972.png,3
2932.png,3
1740.png,3
3886.png,3
4257.png,3
3745.png,3
3386.png,3
2958.png,3
2316.png,3
4026.png,3
5262.png,3
5722.png,3
3097.png,3
7122.png,3
6331.png,3
2072.png,3
2118.png,3
6677.png,3
5249.png,3
6178.png,3
5900.png,3
6620.png,3
803.png,3
3731.png,3
4367.png,3
4749.png,3
2218.png,3
6632.png,3
5335.png,3
4276.png,3
4565.png,3
5217.png,3
3143.png,3
4862.png,3
6088.png,3
2085.png,3
4881.png,3
5936.png,3
4438.png,3
3932.png,3
4912.png,3
3299.png,3
5732.png,3
2502.png,3
5288.png,3
2261.png,3
4797.png,3
6859.png,3
6718.png,3
4569.png,3
4500.png,3
3473.png,3
7017.png,3
3845.png,3
5434.png,3
5589.png,3
4282.png,3
6783.png,3
4111.png,3
3499.png,3
5453.png,3
6928.png,3
6826.png,3
6421.png,3
202.png,3
2483.png,3
2427.png,3
3726.png,3
4403.png,3
627.png,3
4927.png,3
512.png,3
2158.png,3
91.png,3
6221.png,3
1406.png,3
898.png,3
836.png,3
4483.png,3
5576.png,3
2260.png,3
2832.png,3
4725.png,3
4860.png,3
6760.png,3
1766.png,3
5460.png,3
1532.png,3
1317.png,3
5350.png,3
2718.png,3
4155.png,3
806.png,3
5776.png,3
7078.png,3
7024.png,3
5615.png,3
5430.png,3
3129.png,3
6174.png,3
2206.png,3
2404.png,3
3883.png,3
1942.png,3
4433.png,3
1252.png,3
2007.png,3
5885.png,3
1049.png,3
1221.png,3
1336.png,3
6124.png,3
5671.png,3
6176.png,3
1331.png,3
159.png,3
1034.png,3
6850.png,3
6989.png,3
3807.png,3
1469.png,3
2131.png,3
1966.png,3
561.png,3
4508.png,3
6130.png,3
1636.png,3
2586.png,3
4623.png,3
914.png,3
4132.png,3
4661.png,3
4754.png,3
4572.png,3
3639.png,3
2340.png,3
7003.png,3
4460.png,3
4461.png,3
3046.png,3
3432.png,3
776.png,3
6027.png,3
4272.png,3
3962.png,3
3178.png,3
3487.png,3
5269.png,3
79.png,3
1033.png,3
5919.png,3
7163.png,3
7059.png,3
3131.png,3
6195.png,3
180.png,3
1978.png,3
5015.png,3
5004.png,3
720.png,3
3428.png,3
4114.png,3
865.png,3
919.png,3
3749.png,3
403.png,3
1837.png,3
3837.png,3
3438.png,3
2726.png,3
6604.png,3
6046.png,3
5808.png,3
4359.png,3
5209.png,3
3561.png,3
1550.png,3
2542.png,3
4204.png,3
1998.png,3
1621.png,3
225.png,3
1725.png,3
6135.png,3
370.png,3
1142.png,3
6655.png,3
3557.png,3
1984.png,3
3708.png,3
5904.png,3
3210.png,3
4313.png,3
5340.png,3
6199.png,3
4019.png,3
6025.png,3
6261.png,3
6488.png,3
5107.png,3
5704.png,3
3518.png,3
682.png,3
3474.png,3
4707.png,3
6291.png,3
5186.png,3
1935.png,3
2481.png,3
2871.png,3
1173.png,3
6062.png,3
2839.png,3
4279.png,3
2238.png,3
3848.png,3
3011.png,3
5056.png,3
5940.png,3
4153.png,3
3269.png,3
3185.png,3
5369.png,3
4575.png,3
5370.png,3
1536.png,3
4109.png,3
6271.png,3
6797.png,3
358.png,3
2529.png,3
203.png,3
1102.png,3
4624.png,3
3605.png,3
6687.png,3
2758.png,3
6100.png,3
5378.png,3
857.png,3
3998.png,3
2128.png,3
2223.png,3
5280.png,3
1132.png,3
3101.png,3
2735.png,3
3914.png,3
6592.png,3
5689.png,3
6886.png,3
66.png,3
873.png,3
7038.png,3
4566.png,3
1496.png,3
824.png,3
2154.png,3
3155.png,3
1285.png,3
3925.png,3
6647.png,3
1696.png,3
6658.png,3
2789.png,3
5537.png,3
116.png,3
3091.png,3
3042.png,3
3629.png,3
2514.png,3
6186.png,3
308.png,3
2402.png,3
1510.png,3
2480.png,3
2636.png,3
3038.png,3
3312.png,3
6327.png,3
3695.png,3
1518.png,3
321.png,3
3376.png,3
3154.png,3
4030.png,3
2889.png,3
458.png,3
5566.png,3
4571.png,3
636.png,3
4482.png,3
2322.png,3
4715.png,3
5899.png,3
5050.png,3
705.png,3
6035.png,3
747.png,3
4767.png,3
6435.png,3
4295.png,3
1973.png,3
5046.png,3
1422.png,3
6705.png,3
3344.png,3
4486.png,3
2945.png,3
4234.png,3
3665.png,3
294.png,3
1659.png,3
5746.png,3
3189.png,3
7110.png,3
1800.png,3
6663.png,3
3797.png,3
6735.png,3
4784.png,3
1370.png,3
1264.png,3
3294.png,3
1068.png,3
6429.png,3
3268.png,3
3086.png,3
1756.png,3
3874.png,3
4379.png,3
4043.png,3
398.png,3
734.png,3
3786.png,3
2741.png,3
5106.png,3
4207.png,3
1902.png,3
3564.png,3
536.png,3
659.png,3
903.png,3
2952.png,3
5000.png,3
5103.png,3
1767.png,3
5761.png,3
1302.png,3
4251.png,3
6756.png,3
317.png,3
5851.png,3
1418.png,3
3900.png,3
494.png,3
6418.png,3
449.png,3
6644.png,3
5923.png,3
2167.png,3
673.png,3
2662.png,3
2054.png,3
4140.png,3
3570.png,3
3167.png,3
1463.png,3
4434.png,3
4960.png,3
6085.png,3
2257.png,3
6704.png,3
2577.png,3
3989.png,3
6682.png,3
6617.png,3
361.png,3
899.png,3
6681.png,3
4007.png,3
5652.png,3
303.png,3
5830.png,3
853.png,3
2754.png,3
3948.png,3
5672.png,3
7040.png,3
3495.png,3
3743.png,3
1762.png,3
1217.png,3
4188.png,3
5934.png,3
1473.png,3
4165.png,3
822.png,3
4846.png,3
4800.png,3
3889.png,3
5357.png,3
4705.png,3
412.png,3
4423.png,3
1675.png,3
1983.png,3
622.png,3
3953.png,3
1279.png,3
1282.png,3
4163.png,3
1595.png,3
2786.png,3
1425.png,3
3059.png,3
2770.png,3
4307.png,3
3028.png,3
1127.png,3
2699.png,3
4576.png,3
4091.png,3
6392.png,3
4493.png,3
5247.png,3
949.png,3
3384.png,3
3323.png,3
6851.png,3
5972.png,3
3910.png,3
1861.png,3
1411.png,3
2555.png,3
974.png,3
3137.png,3
1947.png,3
3202.png,3
6959.png,3
2369.png,3
1157.png,3
3663.png,3
387.png,3
5958.png,3
1864.png,3
957.png,3
5861.png,3
4413.png,3
3401.png,3
2493.png,3
2760.png,3
3635.png,3
4375.png,3
1814.png,3
5837.png,3
5170.png,3
3224.png,3
1085.png,3
2680.png,3
961.png,3
882.png,3
3173.png,3
2642.png,3
263.png,3
4996.png,3
6341.png,3
103.png,3
779.png,3
2769.png,3
2088.png,3
1416.png,3
6754.png,3
78.png,3
5726.png,3
3622.png,3
5908.png,3
1424.png,3
2749.png,3
5299.png,3
1533.png,3
381.png,3
6626.png,3
4028.png,3
1487.png,3
7098.png,3
1855.png,3
885.png,3
5387.png,3
5427.png,3
3579.png,3
5841.png,3
4247.png,3
5488.png,3
490.png,3
4079.png,3
6755.png,3
2212.png,3
808.png,3
6999.png,3
1836.png,3
3338.png,3
6624.png,3
5261.png,3
4221.png,3
3220.png,3
3646.png,3
3970.png,3
854.png,3
1916.png,3
5842.png,3
1352.png,3
1638.png,3
3449.png,3
5824.png,3
6919.png,3
3098.png,3
2462.png,3
341.png,3
2114.png,3
7080.png,3
2392.png,3
5629.png,3
5160.png,3
3565.png,3
3121.png,3
4315.png,3
283.png,3
277.png,3
2508.png,3
3884.png,3
6143.png,3
3298.png,3
4585.png,3
5713.png,3
2459.png,3
2025.png,3
4096.png,3
3575.png,3
3141.png,3
2449.png,3
6452.png,3
2246.png,3
4244.png,3
2231.png,3
5729.png,3
2905.png,3
167.png,3
4789.png,3
1309.png,3
2468.png,3
6424.png,3
4975.png,3
5381.png,3
790.png,3
5607.png,3
1086.png,3
1953.png,3
5222.png,3
4845.png,3
1971.png,3
6142.png,3
1103.png,3
7076.png,3
5472.png,3
2819.png,3
1311.png,3
2205.png,3
6537.png,3
3863.png,3
5118.png,3
2169.png,3
3568.png,3
6845.png,3
4945.png,3
4625.png,3
837.png,3
5081.png,3
6284.png,3
2856.png,3
5509.png,3
4158.png,3
2264.png,3
2300.png,3
5945.png,3
4197.png,3
6641.png,3
1017.png,3
3346.png,3
1382.png,3
3729.png,3
1605.png,3
5888.png,3
3106.png,3
3342.png,3
3931.png,3
4535.png,3
6554.png,3
6108.png,3
4567.png,3
3192.png,3
7004.png,3
2961.png,3
1153.png,3
6413.png,3
2446.png,3
1893.png,3
2561.png,3
4669.png,3
5633.png,3
6792.png,3
4831.png,3
5236.png,3
6558.png,3
789.png,3
2657.png,3
1500.png,3
5649.png,3
3759.png,3
2567.png,3
5200.png,3
6686.png,3
2.png,3
7028.png,3
597.png,3
1843.png,3
2215.png,3
6544.png,3
3379.png,3
4299.png,3
4765.png,3
4716.png,3
4407.png,3
1867.png,3
5562.png,3
1100.png,3
1520.png,3
3687.png,3
419.png,3
6969.png,3
4088.png,3
4786.png,3
4284.png,3
5598.png,3
5790.png,3
5510.png,3
2661.png,3
3336.png,3
2914.png,3
1225.png,3
2162.png,3
1846.png,3
4218.png,3
3706.png,3
6949.png,3
6415.png,3
921.png,3
402.png,3
793.png,3
6099.png,3
1825.png,3
4443.png,3
4690.png,3
4467.png,3
5005.png,3
1920.png,3
3408.png,3
2277.png,3
5257.png,3
997.png,3
557.png,3
112.png,3
1398.png,3
1715.png,3
1053.png,3
5271.png,3
6601.png,3
2390.png,3
606.png,3
5694.png,3
1283.png,3
513.png,3
5807.png,3
2853.png,3
2222.png,3
6787.png,3
991.png,3
5084.png,3
2965.png,3
4464.png,3
5501.png,3
3587.png,3
2706.png,3
5612.png,3
1860.png,3
4828.png,3
6262.png,3
7071.png,3
6843.png,3
2110.png,3
1402.png,3
4865.png,3
4552.png,3
5014.png,3
6708.png,3
5382.png,3
3821.png,3
3725.png,3
603.png,3
2010.png,3
5662.png,3
2664.png,3
2736.png,3
147.png,3
2318.png,3
1989.png,3
6751.png,3
5172.png,3
7137.png,3
2548.png,3
739.png,3
994.png,3
2361.png,3
5976.png,3
5710.png,3
2916.png,3
3115.png,3
4671.png,3
6746.png,3
1035.png,3
2492.png,3
7175.png,3
2605.png,3
3301.png,3
3116.png,3
1773.png,3
1758.png,3
467.png,3
6442.png,3
5791.png,3
1474.png,3
1753.png,3
5123.png,3
2129.png,3
473.png,3
5703.png,3
7115.png,3
1917.png,3
5848.png,3
1287.png,3
2052.png,3
5605.png,3
2242.png,3
2296.png,3
2405.png,3
5303.png,3
6500.png,3
5275.png,3
3440.png,3
6246.png,3
6661.png,3
4839.png,3
2499.png,3
2820.png,3
1401.png,3
3976.png,3
1108.png,3
675.png,3
5333.png,3
3060.png,3
733.png,3
5524.png,3
1362.png,3
137.png,3
1929.png,3
3040.png,3
4491.png,3
2375.png,3
4633.png,3
6447.png,3
3034.png,3
43.png,3
4087.png,3
3241.png,3
2671.png,3
1534.png,3
32.png,3
4262.png,3
5557.png,3
2475.png,3
5906.png,3
6957.png,3
2650.png,3
2617.png,3
6032.png,3
413.png,3
630.png,3
5503.png,3
5088.png,3
3441.png,3
2902.png,3
6432.png,3
5169.png,3
6757.png,3
4150.png,3
5854.png,3
6721.png,3
3966.png,3
6116.png,3
3085.png,3
1671.png,3
3569.png,3
614.png,3
3584.png,3
5319.png,3
5223.png,3
4024.png,3
5028.png,3
4759.png,3
6817.png,3
1096.png,3
2619.png,3
5773.png,3
6322.png,3
4209.png,3
6134.png,3
73.png,3
1721.png,3
6206.png,3
2727.png,3
6251.png,3
5905.png,3
6168.png,3
1886.png,3
7107.png,3
5092.png,3
339.png,3
2643.png,3
2598.png,3
4468.png,3
430.png,3
6423.png,3
2903.png,3
4256.png,3
2319.png,3
2255.png,3
1524.png,3
3918.png,3
6610.png,3
2376.png,3
5709.png,3
6056.png,3
1724.png,3
5309.png,3
5210.png,3
5718.png,3
1417.png,3
1991.png,3
6866.png,3
2047.png,3
3037.png,3
1720.png,3
3990.png,3
2565.png,3
4334.png,3
57.png,3
5034.png,3
6830.png,3
2972.png,3
3666.png,3
5767.png,3
635.png,3
4451.png,3
1600.png,3
4471.png,3
3855.png,3
6809.png,3
774.png,3
5431.png,3
3064.png,3
6545.png,3
5944.png,3
2022.png,3
3356.png,3
1289.png,3
4888.png,3
3538.png,3
6393.png,3
2901.png,3
7088.png,3
6338.png,3
1236.png,3
4724.png,3
6665.png,3
6517.png,3
1907.png,3
4530.png,3
6457.png,3
676.png,3
2193.png,3
5259.png,3
3171.png,3
862.png,3
3984.png,3
4237.png,3
5059.png,3
5613.png,3
2660.png,3
985.png,3
5760.png,3
5391.png,3
5692.png,3
5529.png,3
6671.png,3
6742.png,3
1898.png,3
2409.png,3
17.png,3
183.png,3
4844.png,3
681.png,3
4954.png,3
6820.png,3
4649.png,3
5364.png,3
1342.png,3
3262.png,3
6263.png,3
4994.png,3
4536.png,3
6016.png,3
6347.png,3
4324.png,3
6639.png,3
4232.png,3
6031.png,3
6146.png,3
3181.png,3
2063.png,3
748.png,3
2791.png,3
5390.png,3
5992.png,3
4609.png,3
140.png,3
3679.png,3
4643.png,3
6515.png,3
4533.png,3
6860.png,3
2139.png,3
4484.png,3
3467.png,3
6002.png,3
7066.png,3
5638.png,3
4677.png,3
2086.png,3
5886.png,3
2590.png,3
420.png,3
1890.png,3
491.png,3
2963.png,3
3777.png,3
4819.png,3
827.png,3
6451.png,3
1987.png,3
1099.png,3
1357.png,3
3351.png,3
3650.png,3
3543.png,3
1932.png,3
2299.png,3
2953.png,3
497.png,3
5138.png,3
5794.png,3
1915.png,3
3332.png,3
5448.png,3
855.png,3
2807.png,3
2551.png,3
4525.png,3
5921.png,3
1829.png,3
4501.png,3
2683.png,3
3304.png,3
4894.png,3
1178.png,3
5455.png,3
2911.png,3
6325.png,3
6605.png,3
518.png,3
3927.png,3
6218.png,3
4838.png,3
608.png,3
541.png,3
607.png,3
1354.png,3
4646.png,3
4122.png,3
3135.png,3
3313.png,3
3530.png,3
286.png,3
3081.png,3
1494.png,3
5161.png,3
5277.png,3
4950.png,3
2672.png,3
1602.png,3
2923.png,3
954.png,3
434.png,3
6733.png,3
2992.png,3
3599.png,3
3078.png,3
1016.png,3
5604.png,3
5312.png,3
5321.png,3
4537.png,3
6831.png,3
1050.png,3
852.png,3
3713.png,3
2153.png,3
4721.png,3
2870.png,3
5285.png,3
1145.png,3
3114.png,3
2393.png,3
2251.png,3
6313.png,3
2421.png,3
4258.png,3
534.png,3
6466.png,3
4578.png,3
2759.png,3
5178.png,3
966.png,3
4070.png,3
1824.png,3
5248.png,3
1716.png,3
6123.png,3
1881.png,3
2554.png,3
3999.png,3
569.png,3
4037.png,3
5204.png,3
5820.png,3
6162.png,3
5814.png,3
797.png,3
390.png,3
4064.png,3
1008.png,3
3772.png,3
2849.png,3
5938.png,3
2779.png,3
2497.png,3
6562.png,3
1439.png,3
1664.png,3
2232.png,3
2428.png,3
1556.png,3
6485.png,3
3340.png,3
5121.png,3
3047.png,3
3544.png,3
5320.png,3
2737.png,3
4179.png,3
3067.png,3
5896.png,3
2666.png,3
5792.png,3
1373.png,3
6010.png,3
5334.png,3
1958.png,3
2530.png,3
6940.png,3
2540.png,3
4394.png,3
3183.png,3
3477.png,3
5857.png,3
5686.png,3
3986.png,3
1522.png,3
6819.png,3
4171.png,3
6234.png,3
6460.png,3
6306.png,3
6945.png,3
2157.png,3
5240.png,3
2434.png,3
1994.png,3
1789.png,3
3937.png,3
5363.png,3
1683.png,3
947.png,3
813.png,3
3779.png,3
1548.png,3
3624.png,3
6248.png,3
7072.png,3
2574.png,3
5668.png,3
1194.png,3
6102.png,3
6692.png,3
164.png,3
6307.png,3
5720.png,3
6241.png,3
7016.png,3
2859.png,3
6779.png,3
2472.png,3
406.png,3
2095.png,3
4364.png,3
1549.png,3
7103.png,3
640.png,3
2796.png,3
5141.png,3
22.png,3
4852.png,3
6657.png,3
6504.png,3
5481.png,3
1084.png,3
4015.png,3
2621.png,3
1013.png,3
6337.png,3
2196.png,3
3453.png,3
5846.png,3
2037.png,3
3921.png,3
5064.png,3
3867.png,3
5072.png,3
1245.png,3
3701.png,3
1583.png,3
626.png,3
679.png,3
6896.png,3
463.png,3
2719.png,3
671.png,3
1854.png,3
6153.png,3
7057.png,3
796.png,3
6086.png,3
2949.png,3
4574.png,3
1104.png,3
1887.png,3
411.png,3
127.png,3
2690.png,3
6728.png,3
3361.png,3
1121.png,3
3597.png,3
584.png,3
3612.png,3
5296.png,3
1116.png,3
1075.png,3
1467.png,3
4916.png,3
230.png,3
5245.png,3
1391.png,3
2204.png,3
6319.png,3
2506.png,3
6556.png,3
1232.png,3
93.png,3
1575.png,3
5800.png,3
2000.png,3
5376.png,3
4148.png,3
6590.png,3
5362.png,3
2494.png,3
4485.png,3
5439.png,3
2031.png,3
5870.png,3
850.png,3
1059.png,3
1606.png,3
6098.png,3
1744.png,3
5062.png,3
3365.png,3
910.png,3
1303.png,3
4556.png,3
5666.png,3
2782.png,3
4065.png,3
2877.png,3
2365.png,3
5877.png,3
2787.png,3
6660.png,3
2185.png,3
6648.png,3
3124.png,3
3957.png,3
5195.png,3
6242.png,3
4653.png,3
6575.png,3
7165.png,3
1071.png,3
1658.png,3
1729.png,3
4895.png,3
4052.png,3
1914.png,3
7177.png,3
5578.png,3
3203.png,3
6983.png,3
18.png,3
759.png,3
404.png,3
6869.png,3
4047.png,3
2947.png,3
1704.png,3
2652.png,3
939.png,3
2575.png,3
2783.png,3
5920.png,3
2397.png,3
718.png,3
2641.png,3
1161.png,3
3096.png,3
6158.png,3
194.png,3
6646.png,3
3680.png,3
2366.png,3
1764.png,3
6503.png,3
4117.png,3
5408.png,3
2077.png,3
757.png,3
7029.png,3
820.png,3
3771.png,3
6559.png,3
2068.png,3
4402.png,3
3021.png,3
2505.png,3
6767.png,3
5003.png,3
3717.png,3
6453.png,3
228.png,3
4983.png,3
2600.png,3
6882.png,3
389.png,3
6716.png,3
5098.png,3
4871.png,3
4392.png,3
3861.png,3
5407.png,3
108.png,3
713.png,3
897.png,3
3239.png,3
5616.png,3
4866.png,3
762.png,3
3238.png,3
4551.png,3
3079.png,3
3469.png,3
3610.png,3
2756.png,3
6536.png,3
4580.png,3
2125.png,3
5632.png,3
2552.png,3
1782.png,3
1179.png,3
888.png,3
2146.png,3
3243.png,3
916.png,3
4040.png,3
4384.png,3
5887.png,3
2795.png,3
1062.png,3
1361.png,3
986.png,3
5100.png,3
1816.png,3
3415.png,3
5863.png,3
1190.png,3
1591.png,3
5527.png,3
67.png,3
2663.png,3
312.png,3
1818.png,3
4291.png,3
1590.png,3
5549.png,3
4903.png,3
2202.png,3
373.png,3
4488.png,3
2197.png,3
6922.png,3
399.png,3
1031.png,3
2229.png,3
4990.png,3
6984.png,3
4327.png,3
3360.png,3
4397.png,3
4807.png,3
3409.png,3
1888.png,3
2199.png,3
2239.png,3
3542.png,3
6535.png,3
4296.png,3
2564.png,3
3991.png,3
3623.png,3
4848.png,3
6022.png,3
4684.png,3
758.png,3
3856.png,3
1795.png,3
236.png,3
5833.png,3
6416.png,3
5465.png,3
4475.png,3
6691.png,3
6493.png,3
6628.png,3
7048.png,3
1840.png,3
4559.png,3
6898.png,3
7021.png,3
6244.png,3
2700.png,3
6637.png,3
6289.png,3
6744.png,3
5717.png,3
6842.png,3
4599.png,3
6953.png,3
4409.png,3
6477.png,3
3500.png,3
2137.png,3
41.png,3
2235.png,3
3670.png,3
2610.png,3
2571.png,3
1670.png,3
4817.png,3
976.png,3
7096.png,3
4898.png,3
113.png,3
6961.png,3
1215.png,3
428.png,3
2422.png,3
4016.png,3
1206.png,3
2104.png,3
1726.png,3
298.png,3
6478.png,3
3145.png,3
704.png,3
3847.png,3
77.png,3
6070.png,3
1739.png,3
2533.png,3
2582.png,3
3781.png,3
7023.png,3
4614.png,3
3303.png,3
930.png,3
6975.png,3
2017.png,3
3170.png,3
1251.png,3
588.png,3
5211.png,3
3333.png,3
5176.png,3
4145.png,3
1742.png,3
3502.png,3
6978.png,3
2733.png,3
1880.png,3
2445.png,3
5406.png,3
3140.png,3
6183.png,3
5866.png,3
4167.png,3
922.png,3
2071.png,3
4752.png,3
1079.png,3
6290.png,3
4798.png,3
48.png,3
5680.png,3
1258.png,3
6521.png,3
2891.png,3
554.png,3
692.png,3
4190.png,3
3090.png,3
2350.png,3
5468.png,3
3751.png,3
198.png,3
160.png,3
4032.png,3
2812.png,3
6305.png,3
4286.png,3
209.png,3
2553.png,3
539.png,3
4594.png,3
234.png,3
1291.png,3
6402.png,3
2752.png,3
5228.png,3
4911.png,3
5946.png,3
6250.png,3
6825.png,3
6508.png,3
3791.png,3
2930.png,3
6964.png,3
1042.png,3
6354.png,3
3451.png,3
716.png,3
1381.png,3
5185.png,3
1249.png,3
5188.png,3
5149.png,3
2973.png,3
1580.png,3
1356.png,3
2519.png,3
3842.png,3
410.png,3
4964.png,3
952.png,3
617.png,3
5167.png,3
3902.png,3
2725.png,3
2720.png,3
2539.png,3
3266.png,3
6748.png,3
6043.png,3
3503.png,3
3549.png,3
4470.png,3
3119.png,3
3613.png,3
3604.png,3
233.png,3
3823.png,3
1319.png,3
4884.png,3
901.png,3
5492.png,3
4194.png,3
4430.png,3
7009.png,3
1949.png,3
7074.png,3
2194.png,3
1885.png,3
4357.png,3
2326.png,3
4505.png,3
3117.png,3
2998.png,3
2950.png,3
3402.png,3
5974.png,3
2233.png,3
535.png,3
1146.png,3
4720.png,3
3664.png,3
442.png,3
1325.png,3
5661.png,3
13.png,3
3007.png,3
564.png,3
6495.png,3
1624.png,3
1923.png,3
5181.png,3
6844.png,3
1111.png,3
7114.png,3
3283.png,3
1456.png,3
7069.png,3
4842.png,3
3946.png,3
344.png,3
1140.png,3
4338.png,3
3235.png,3
272.png,3
6171.png,3
6593.png,3
4332.png,3
360.png,3
5424.png,3
253.png,3
3949.png,3
2265.png,3
208.png,3
5984.png,3
2245.png,3
3853.png,3
3157.png,3
1529.png,3
777.png,3
6237.png,3
5599.png,3
1306.png,3
2438.png,3
2244.png,3
6960.png,3
186.png,3
3314.png,3
4186.png,3
2579.png,3
514.png,3
2900.png,3
99.png,3
1820.png,3
4144.png,3
7060.png,3
1375.png,3
4771.png,3
5083.png,3
4829.png,3
2066.png,3
6079.png,3
6404.png,3
5993.png,3
3125.png,3
1334.png,3
1023.png,3
5087.png,3
4326.png,3
775.png,3
4123.png,3
1363.png,3
4683.png,3
4250.png,3
1176.png,3
5477.png,3
2970.png,3
2919.png,3
931.png,3
2009.png,3
4723.png,3
5489.png,3
5902.png,3
3581.png,3
2626.png,3
1792.png,3
4517.png,3
3560.png,3
5276.png,3
106.png,3
4663.png,3
6717.png,3
1472.png,3
5977.png,3
5705.png,3
1874.png,3
623.png,3
5895.png,3
4648.png,3
6414.png,3
6298.png,3
742.png,3
7131.png,3
4655.png,3
4917.png,3
4121.png,3
6804.png,3
3421.png,3
3504.png,3
4415.png,3
4298.png,3
26.png,3
6469.png,3
5102.png,3
6312.png,3
3934.png,3
5432.png,3
2476.png,3
7085.png,3
3647.png,3
5788.png,3
5931.png,3
4063.png,3
1943.png,3
2317.png,3
1513.png,3
3697.png,3
2516.png,3
5230.png,3
3448.png,3
6228.png,3
6631.png,3
5066.png,3
1962.png,3
6287.png,3
6189.png,3
1581.png,3
3231.png,3
3373.png,3
2823.png,3
5348.png,3
3069.png,3
150.png,3
6673.png,3
1004.png,3
4303.png,3
3829.png,3
3083.png,3
2368.png,3
4115.png,3
2324.png,3
6439.png,3
5447.png,3
6023.png,3
3685.png,3
6449.png,3
3100.png,3
2362.png,3
1660.png,3
6037.png,3
908.png,3
2640.png,3
5715.png,3
6874.png,3
5304.png,3
5110.png,3
4946.png,3
5892.png,3
5608.png,3
3180.png,3
1940.png,3
2501.png,3
6675.png,3
4325.png,3
4858.png,3
832.png,3
3702.png,3
1959.png,3
1999.png,3
6574.png,3
2105.png,3
290.png,3
261.png,3
27.png,3
3559.png,3
2484.png,3
3525.png,3
1041.png,3
507.png,3
2230.png,3
2211.png,3
1911.png,3
1651.png,3
663.png,3
6080.png,3
6636.png,3
5287.png,3
5017.png,3
2771.png,3
5536.png,3
2842.png,3
1853.png,3
128.png,3
1419.png,3
6693.png,3
5459.png,3
1109.png,3
2528.png,3
5952.png,3
3470.png,3
1189.png,3
1011.png,3
4561.png,3
1197.png,3
3526.png,3
4885.png,3
6579.png,3
4069.png,3
2522.png,3
2219.png,3
6367.png,3
2106.png,3
505.png,3
3642.png,3
5104.png,3
254.png,3
6916.png,3
2485.png,3
3740.png,3
5443.png,3
1169.png,3
5772.png,3
1115.png,3
6761.png,3
6534.png,3
4790.png,3
3896.png,3
1878.png,3
5774.png,3
2263.png,3
5341.png,3
1790.png,3
3618.png,3
7161.png,3
1776.png,3
5762.png,3
4316.png,3
1466.png,3
2968.png,3
1340.png,3
4541.png,3
6729.png,3
5229.png,3
2762.png,3
12.png,3
5244.png,3
1046.png,3
7034.png,3
4718.png,3
3600.png,3
3598.png,3
5947.png,3
2141.png,3
4084.png,3
8.png,3
1598.png,3
3899.png,3
2187.png,3
3187.png,3
2753.png,3
383.png,3
4523.png,3
2981.png,3
3816.png,3
3306.png,3
5678.png,3
6270.png,3
2995.png,3
3841.png,3
2330.png,3
1502.png,3
5749.png,3
179.png,3
1622.png,3
5091.png,3
5314.png,3
3573.png,3
4938.png,3
2386.png,3
323.png,3
1293.png,3
655.png,3
6436.png,3
3076.png,3
3724.png,3
216.png,3
6800.png,3
4226.png,3
6013.png,3
6376.png,3
1508.png,3
3128.png,3
6279.png,3
5063.png,3
6034.png,3
2124.png,3
453.png,3
3406.png,3
2281.png,3
1628.png,3
2418.png,3
4372.png,3
3677.png,3
1199.png,3
6326.png,3
6715.png,3
6990.png,3
6813.png,3
1027.png,3
7050.png,3
1048.png,3
1260.png,3
6227.png,3
3152.png,3
696.png,3
3943.png,3
7012.png,3
4085.png,3
4057.png,3
2703.png,3
6870.png,3
791.png,3
599.png,3
7002.png,3
3820.png,3
3898.png,3
5655.png,3
1541.png,3
3722.png,3
278.png,3
2478.png,3
6164.png,3
7008.png,3
3691.png,3
6602.png,3
1326.png,3
5610.png,3
6911.png,3
2691.png,3
3888.png,3
6074.png,3
5140.png,3
1407.png,3
6973.png,3
6141.png,3
6329.png,3
1839.png,3
6372.png,3
4864.png,3
4268.png,3
6507.png,3
5254.png,3
5179.png,3
1567.png,3
5893.png,3
250.png,3
6193.png,3
401.png,3
129.png,3
3522.png,3
4778.png,3
4112.png,3
1492.png,3
5587.png,3
2344.png,3
1185.png,3
3864.png,3
5634.png,3
6091.png,3
3008.png,3
2426.png,3
5909.png,3
3012.png,3
4697.png,3
3577.png,3
393.png,3
6770.png,3
121.png,3
2588.png,3
6491.png,3
4220.png,3
3281.png,3
175.png,3
893.png,3
4420.png,3
391.png,3
5881.png,3
743.png,3
6230.png,3
1280.png,3
1353.png,3
6934.png,3
3555.png,3
270.png,3
6596.png,3
4469.png,3
5058.png,3
1457.png,3
4219.png,3
1358.png,3
4989.png,3
2353.png,3
482.png,3
1847.png,3
3219.png,3
132.png,3
1804.png,3
6539.png,3
6768.png,3
5879.png,3
4976.png,3
5990.png,3
3153.png,3
1021.png,3
6356.png,3
5139.png,3
53.png,3
2906.png,3
3162.png,3
6344.png,3
6496.png,3
6872.png,3
3767.png,3
87.png,3
6264.png,3
2401.png,3
1751.png,3
6827.png,3
5184.png,3
5416.png,3
2081.png,3
296.png,3
714.png,3
211.png,3
2904.png,3
1639.png,3
825.png,3
1479.png,3
3882.png,3
4803.png,3
5466.png,3
3041.png,3
1338.png,3
5365.png,3
6318.png,3
6685.png,3
3978.png,3
6280.png,3
2050.png,3
4907.png,3
3935.png,3
4555.png,3
477.png,3
4077.png,3
6883.png,3
1468.png,3
6965.png,3
6689.png,3
3738.png,3
3744.png,3
5942.png,3
1440.png,3
1164.png,3
5461.png,3
2785.png,3
2079.png,3
4450.png,3
5198.png,3
6773.png,3
2538.png,3
783.png,3
1158.png,3
29.png,3
5688.png,3
6475.png,3
4322.png,3
6474.png,3
4513.png,3
2111.png,3
5189.png,3
578.png,3
451.png,3
662.png,3
2120.png,3
644.png,3
3782.png,3
2876.png,3
6389.png,3
5744.png,3
2271.png,3
0.png,3
368.png,3
5696.png,3
4747.png,3
508.png,3
2138.png,3
5311.png,3
492.png,3
3446.png,3
6519.png,3
4699.png,3
6385.png,3
2654.png,3
1024.png,3
6542.png,3
2684.png,3
5541.png,3
2342.png,3
3240.png,3
6090.png,3
6816.png,3
1.png,3
1797.png,3
2781.png,3
6336.png,3
4701.png,3
3609.png,3
4401.png,3
297.png,3
4062.png,3
3142.png,3
1330.png,3
5085.png,3
1741.png,3
6518.png,3
440.png,3
74.png,3
4878.png,3
2933.png,3
4897.png,3
3718.png,3
1992.png,3
3089.png,3
1811.png,3
329.png,3
4498.png,3
5052.png,3
5233.png,3
3588.png,3
2658.png,3
3176.png,3
2213.png,3
553.png,3
1281.png,3
4719.png,3
6049.png,3
3118.png,3
6855.png,3
5778.png,3
6166.png,3
1681.png,3
4952.png,3
5454.png,3
2674.png,3
6971.png,3
4356.png,3
819.png,3
4170.png,3
1691.png,3
1275.png,3
5463.png,3
4182.png,3
6058.png,3
5602.png,3
798.png,3
6020.png,3
3833.png,3
2374.png,3
6211.png,3
6947.png,3
3719.png,3
4604.png,3
5951.png,3
5711.png,3
993.png,3
2399.png,3
4631.png,3
795.png,3
6075.png,3
1707.png,3
3944.png,3
712.png,3
1975.png,3
6833.png,3
5669.png,3
530.png,3
6502.png,3
5741.png,3
566.png,3
1579.png,3
1238.png,3
5417.png,3
1229.png,3
239.png,3
4921.png,3
3057.png,3
240.png,3
3044.png,3
4729.png,3
6040.png,3
3945.png,3
86.png,3
1657.png,3
6120.png,3
2583.png,3
1435.png,3
1640.png,3
859.png,3
1727.png,3
1460.png,3
3875.png,3
1582.png,3
40.png,3
172.png,3
3773.png,3
3058.png,3
1652.png,3
6798.png,3
2370.png,3
3690.png,3
6902.png,3
2208.png,3
5450.png,3
1910.png,3
6555.png,3
5784.png,3
49.png,3
2698.png,3
2834.png,3
6888.png,3
2924.png,3
6406.png,3
3854.png,3
3179.png,3
5702.png,3
2008.png,3
2456.png,3
2002.png,3
4883.png,3
4639.png,3
4879.png,3
7001.png,3
594.png,3
3031.png,3
1341.png,3
5564.png,3
6782.png,3
3309.png,3
5071.png,3
125.png,3
122.png,3
6584.png,3
616.png,3
6701.png,3
3770.png,3
2100.png,3
3869.png,3
896.png,3
5674.png,3
1320.png,3
6549.png,3
6954.png,3
19.png,3
2750.png,3
4457.png,3
5597.png,3
3229.png,3
3490.png,3
2391.png,3
5049.png,3
4981.png,3
3656.png,3
2490.png,3
3626.png,3
1747.png,3
2689.png,3
3150.png,3
3792.png,3
6774.png,3
6390.png,3
5595.png,3
3537.png,3
6683.png,3
7063.png,3
4369.png,3
702.png,3
31.png,3
6505.png,3
992.png,3
5069.png,3
3212.png,3
2293.png,3
638.png,3
1364.png,3
1297.png,3
7086.png,3
6362.png,3
7171.png,3
4396.png,3
6589.png,3
1003.png,3
1781.png,3
7102.png,3
4462.png,3
2675.png,3
610.png,3
4641.png,3
3174.png,3
2765.png,3
2587.png,3
934.png,3
1974.png,3
165.png,3
4542.png,3
6979.png,3
4456.png,3
1093.png,3
2248.png,3
1596.png,3
5422.png,3
6974.png,3
5412.png,3
3758.png,3
3868.png,3
6712.png,3
4199.png,3
5298.png,3
4177.png,3
5128.png,3
248.png,3
3840.png,3
3851.png,3
6927.png,3
6982.png,3
571.png,3
1826.png,3
6352.png,3
3699.png,3
2378.png,3
3160.png,3
4978.png,3
6236.png,3
1539.png,3
5805.png,3
2225.png,3
526.png,3
3596.png,3
1982.png,3
5076.png,3
1570.png,3
3879.png,3
2321.png,3
4679.png,3
2898.png,3
4518.png,3
1335.png,3
4424.png,3
2601.png,3
4078.png,3
1810.png,3
4304.png,3
6247.png,3
5315.png,3
5151.png,3
5054.png,3
4503.png,3
2172.png,3
5581.png,3
6877.png,3
5423.png,3
3264.png,3
51.png,3
1087.png,3
4092.png,3
4442.png,3
3292.png,3
5548.png,3
2969.png,3
1184.png,3
1563.png,3
7162.png,3
5538.png,3
1284.png,3
3634.png,3
2879.png,3
324.png,3
6977.png,3
6052.png,3
3922.png,3
701.png,3
4183.png,3
4991.png,3
5860.png,3
1174.png,3
68.png,3
694.png,3
4248.png,3
5112.png,3
6403.png,3
2099.png,3
2964.png,3
5094.png,3
3750.png,3
3195.png,3
3757.png,3
5437.png,3
6095.png,3
148.png,3
4548.png,3
6901.png,3
6821.png,3
3244.png,3
2570.png,3
5515.png,3
911.png,3
4932.png,3
3248.png,3
3331.png,3
255.png,3
2618.png,3
6931.png,3
6868.png,3
2057.png,3
864.png,3
2944.png,3
2744.png,3
669.png,3
247.png,3
4890.png,3
1653.png,3
2075.png,3
5797.png,3
5332.png,3
6738.png,3
3403.png,3
1201.png,3
2847.png,3
134.png,3
1934.png,3
4301.png,3
5600.png,3
2149.png,3
3992.png,3
5586.png,3
3606.png,3
28.png,3
5134.png,3
1255.png,3
2357.png,3
956.png,3
4202.png,3
495.png,3
5131.png,3
2003.png,3
960.png,3
6443.png,3
3933.png,3
3516.png,3
7020.png,3
7090.png,3
5124.png,3
6426.png,3
2285.png,3
3225.png,3
1526.png,3
3036.png,3
4381.png,3
4593.png,3
1263.png,3
4082.png,3
4499.png,3
3061.png,3
5021.png,3
245.png,3
600.png,3
2268.png,3
6374.png,3
3302.png,3
5825.png,3
310.png,3
1437.png,3
5306.png,3
2109.png,3
2191.png,3
1182.png,3
7043.png,3
3498.png,3
1211.png,3
5995.png,3
1509.png,3
582.png,3
1400.png,3
4886.png,3
4810.png,3
1863.png,3
2918.png,3
326.png,3
6586.png,3
3485.png,3
1559.png,3
4447.png,3
1426.png,3
2113.png,3
4105.png,3
6028.png,3
3881.png,3
5766.png,3
5493.png,3
7091.png,3
1594.png,3
3614.png,3
6454.png,3
3330.png,3
1745.png,3
3369.png,3
6724.png,3
1131.png,3
5640.png,3
5619.png,3
5823.png,3
2863.png,3
7111.png,3
4058.png,3
80.png,3
5779.png,3
946.png,3
6513.png,3
4621.png,3
706.png,3
6763.png,3
1055.png,3
6294.png,3
708.png,3
6412.png,3
1270.png,3
5630.png,3
6864.png,3
4832.png,3
3226.png,3
5396.png,3
5327.png,3
4293.png,3
5373.png,3
4854.png,3
847.png,3
3633.png,3
6772.png,3
1162.png,3
2633.png,3
6444.png,3
7092.png,3
4696.png,3
7145.png,3
7031.png,3
1706.png,3
6891.png,3
632.png,3
246.png,3
5119.png,3
2181.png,3
2179.png,3
3870.png,3
1713.png,3
3511.png,3
3912.png,3
4589.png,3
2331.png,3
6608.png,3
3512.png,3
2788.png,3
3778.png,3
2200.png,3
552.png,3
5643.png,3
3273.png,3
1505.png,3
5308.png,3
3400.png,3
677.png,3
1130.png,3
5764.png,3
7170.png,3
1828.png,3
5614.png,3
3558.png,3
5547.png,3
1562.png,3
3793.png,3
936.png,3
1635.png,3
4343.png,3
5647.png,3
2059.png,3
1005.png,3
2338.png,3
2184.png,3
1663.png,3
6788.png,3
5159.png,3
1858.png,3
1821.png,3
5384.png,3
3307.png,3
2024.png,3
3671.png,3
2437.png,3
6501.png,3
416.png,3
3350.png,3
3492.png,3
1869.png,3
2290.png,3
4608.png,3
5411.png,3
176.png,3
3234.png,3
4974.png,3
6946.png,3
5831.png,3
839.png,3
5202.png,3
5882.png,3
2815.png,3
4612.png,3
16.png,3
2315.png,3
2929.png,3
6204.png,3
259.png,3
2335.png,3
555.png,3
4046.png,3
4618.png,3
1478.png,3
4891.png,3
1965.png,3
3278.png,3
191.png,3
6807.png,3
6643.png,3
6084.png,3
4727.png,3
2682.png,3
818.png,3
807.png,3
1771.png,3
6101.png,3
6430.png,3
5293.png,3
3254.png,3
256.png,3
9.png,3
2827.png,3
1316.png,3
4055.png,3
486.png,3
3288.png,3
2352.png,3
3013.png,3
871.png,3
3394.png,3
2887.png,3
3894.png,3
355.png,3
6968.png,3
2414.png,3
1738.png,3
1997.png,3
5535.png,3
6431.png,3
4630.png,3
3259.png,3
5130.png,3
6790.png,3
306.png,3
478.png,3
3378.png,3
7126.png,3
6361.png,3
5120.png,3
3048.png,3
456.png,3
151.png,3
5265.png,3
4459.png,3
2430.png,3
6159.png,3
4206.png,3
4103.png,3
472.png,3
6343.png,3
6249.png,3
2182.png,3
5734.png,3
3345.png,3
282.png,3
4652.png,3
3087.png,3
2634.png,3
2532.png,3
972.png,3
2048.png,3
189.png,3
6553.png,3
6066.png,3
2327.png,3
950.png,3
5351.png,3
6818.png,3
1216.png,3
6529.png,3
2821.png,3
3506.png,3
1882.png,3
3377.png,3
2201.png,3
3002.png,3
14.png,3
6235.png,3
185.png,3
5645.png,3
2310.png,3
3481.png,3
4308.png,3
6401.png,3
2305.png,3
4044.png,3
5742.png,3
4061.png,3
2395.png,3
6786.png,3
1431.png,3
181.png,3
925.png,3
4039.png,3
2536.png,3
5873.png,3
422.png,3
4265.png,3
6702.png,3
5555.png,3
3393.png,3
4908.png,3
1803.png,3
4230.png,3
2635.png,3
7157.png,3
6167.png,3
3920.png,3
6207.png,3
58.png,3
589.png,3
1188.png,3
1069.png,3
1736.png,3
6591.png,3
1690.png,3
4861.png,3
4668.png,3
4173.png,3
6345.png,3
558.png,3
6531.png,3
4472.png,3
2676.png,3
1543.png,3
6283.png,3
771.png,3
1684.png,3
4887.png,3
5777.png,3
6829.png,3
4853.png,3
691.png,3
2520.png,3
3388.png,3
330.png,3
3205.png,3
4739.png,3
6976.png,3
6669.png,3
5403.png,3
700.png,3
2956.png,3
724.png,3
2252.png,3
337.png,3
82.png,3
89.png,3
4214.png,3
863.png,3
5828.png,3
4977.png,3
2087.png,3
4966.png,3
1851.png,3
2243.png,3
1841.png,3
325.png,3
4528.png,3
2103.png,3
3657.png,3
1586.png,3
2379.png,3
5307.png,3
2038.png,3
5171.png,3
4914.png,3
881.png,3
2423.png,3
3168.png,3
5174.png,3
6458.png,3
680.png,3
1430.png,3
5933.png,3
4933.png,3
6547.png,3
4421.png,3
2221.png,3
3045.png,3
2286.png,3
812.png,3
1845.png,3
576.png,3
5809.png,3
6980.png,3
4507.png,3
304.png,3
1318.png,3
100.png,3
5697.png,3
755.png,3
5173.png,3
3994.png,3
5783.png,3
4942.png,3
4827.png,3
6884.png,3
1123.png,3
5567.png,3
1817.png,3
2337.png,3
6752.png,3
3858.png,3
6039.png,3
2730.png,3
4962.png,3
5302.png,3
5685.png,3
975.png,3
1604.png,3
4365.png,3
5436.png,3
1901.png,3
5650.png,3
4203.png,3
1266.png,3
493.png,3
2578.png,3
756.png,3
6092.png,3
3941.png,3
307.png,3
4564.png,3
4201.png,3
1097.png,3
4368.png,3
1719.png,3
3578.png,3
3617.png,3
965.png,3
3247.png,3
2241.png,3
5414.png,3
2343.png,3
4259.png,3
2314.png,3
5278.png,3
3890.png,3
143.png,3
4558.png,3
238.png,3
4477.png,3
6051.png,3
153.png,3
4689.png,3
2790.png,3
1039.png,3
6622.png,3
5243.png,3
3104.png,3
3407.png,3
71.png,3
3196.png,3
2341.png,3
1732.png,3
4751.png,3
1495.png,3
5136.png,3
2363.png,3
1471.png,3
1159.png,3
1712.png,3
5642.png,3
5813.png,3
4814.png,3
5707.png,3
350.png,3
4734.png,3
5708.png,3
2627.png,3
6988.png,3
2917.png,3
4425.png,3
5731.png,3
6822.png,3
3108.png,3
971.png,3
6048.png,3
4002.png,3
5393.png,3
7174.png,3
7135.png,3
1801.png,3
6506.png,3
6933.png,3
722.png,3
5361.png,3
5852.png,3
6064.png,3
5871.png,3
4335.png,3
3973.png,3
3684.png,3
3147.png,3
1276.png,3
5310.png,3
2332.png,3
3103.png,3
5635.png,3
741.png,3
6252.png,3
4349.png,3
2667.png,3
519.png,3
3508.png,3
2308.png,3
6730.png,3
4692.png,3
5991.png,3
937.png,3
1421.png,3
4549.png,3
5394.png,3
6381.png,3
6000.png,3
1384.png,3
4531.png,3
5752.png,3
4133.png,3
3963.png,3
1307.png,3
3493.png,3
5258.png,3
5865.png,3
6793.png,3
6527.png,3
2117.png,3
4557.png,3
4110.png,3
550.png,3
4321.png,3
978.png,3
4783.png,3
4281.png,3
2996.png,3
6106.png,3
6629.png,3
2939.png,3
3321.png,3
2175.png,3
3017.png,3
7142.png,3
4547.png,3
5723.png,3
5890.png,3
5514.png,3
4743.png,3
474.png,3
4586.png,3
6703.png,3
4370.png,3
2668.png,3
6823.png,3
7141.png,3
1895.png,3
3358.png,3
2249.png,3
1212.png,3
5967.png,3
1566.png,3
907.png,3
773.png,3
1763.png,3
5914.png,3
3387.png,3
5971.png,3
618.png,3
6653.png,3
1531.png,3
1805.png,3
199.png,3
1442.png,3
2254.png,3
4622.png,3
6278.png,3
2913.png,3
4059.png,3
6465.png,3
268.png,3
3988.png,3
2030.png,3
689.png,3
154.png,3
3362.png,3
7065.png,3
169.png,3
5511.png,3
846.png,3
6012.png,3
4635.png,3
2764.png,3
3429.png,3
5349.png,3
4362.png,3
1889.png,3
5864.png,3
4919.png,3
1757.png,3
6473.png,3
1143.png,3
6179.png,3
621.png,3
243.png,3
5663.png,3
316.png,3
3747.png,3
1222.png,3
6840.png,3
4129.png,3
3455.png,3
4031.png,3
3924.png,3
3897.png,3
6848.png,3
3444.png,3
2717.png,3
2500.png,3
46.png,3
5041.png,3
2272.png,3
5012.png,3
6210.png,3
5628.png,3
231.png,3
2828.png,3
1274.png,3
4553.png,3
7083.png,3
4427.png,3
1025.png,3
3184.png,3
157.png,3
7146.png,3
4495.png,3
821.png,3
4269.png,3
6697.png,3
2976.png,3
4706.png,3
3396.png,3
3217.png,3
5241.png,3
1685.png,3
2746.png,3
5239.png,3
6187.png,3
5491.png,3
5214.png,3
3315.png,3
5109.png,3
3822.png,3
3287.png,3
6202.png,3
528.png,3
141.png,3
4260.png,3
990.png,3
520.png,3
6837.png,3
3186.png,3
6459.png,3
1065.png,3
3427.png,3
1427.png,3
2630.png,3
3660.png,3
7093.png,3
2465.png,3
4317.png,3
4130.png,3
6441.png,3
3947.png,3
3904.png,3
845.png,3
3285.png,3
3711.png,3
5326.png,3
1137.png,3
3601.png,3
1551.png,3
7010.png,3
7042.png,3
4180.png,3
471.png,3
446.png,3
1952.png,3
2297.png,3
2466.png,3
4053.png,3
958.png,3
1587.png,3
524.png,3
2763.png,3
2303.png,3
653.png,3
6656.png,3
1996.png,3
213.png,3
3692.png,3
637.png,3
5620.png,3
4514.png,3
5253.png,3
1114.png,3
2283.png,3
2046.png,3
6295.png,3
3271.png,3
1903.png,3
3589.png,3
5358.png,3
4524.png,3
6067.png,3
4982.png,3
5270.png,3
6612.png,3
4965.png,3
2043.png,3
7166.png,3
515.png,3
656.png,3
2469.png,3
6867.png,3
5743.png,3
643.png,3
6587.png,3
6377.png,3
3803.png,3
1090.png,3
6008.png,3
3371.png,3
4124.png,3
3826.png,3
6147.png,3
4098.png,3
5219.png,3
3368.png,3
551.png,3
305.png,3
4554.png,3
596.png,3
2302.png,3
6054.png,3
5935.png,3
752.png,3
4763.png,3
2581.png,3
2544.png,3
1451.png,3
5444.png,3
4071.png,3
425.png,3
5264.png,3
2457.png,3
6846.png,3
905.png,3
1572.png,3
4664.png,3
4073.png,3
1963.png,3
1147.png,3
196.png,3
4045.png,3
3443.png,3
4992.png,3
385.png,3
545.png,3
5654.png,3
6548.png,3
349.png,3
3030.png,3
1564.png,3
162.png,3
6157.png,3
1669.png,3
522.png,3
4647.png,3
220.png,3
811.png,3
2026.png,3
20.png,3
2159.png,3
3926.png,3
2880.png,3
6890.png,3
3872.png,3
279.png,3
6003.png,3
1337.png,3
3815.png,3
1150.png,3
445.png,3
4873.png,3
188.png,3
4275.png,3
2850.png,3
4792.png,3
6627.png,3
6068.png,3
3035.png,3
3675.png,3
1718.png,3
4973.png,3
4538.png,3
2909.png,3
5019.png,3
2562.png,3
532.png,3
4592.png,3
2407.png,3
6024.png,3
1313.png,3
2723.png,3
1830.png,3
2436.png,3
1073.png,3
2704.png,3
3785.png,3
4915.png,3
6674.png,3
4660.png,3
6875.png,3
3334.png,3
1019.png,3
6510.png,3
1475.png,3
943.png,3
6277.png,3
4543.png,3
1026.png,3
4768.png,3
631.png,3
5962.png,3
3576.png,3
5812.png,3
3279.png,3
540.png,3
6908.png,3
421.png,3
4651.png,3
5070.png,3
5415.png,3
6399.png,3
6881.png,3
2032.png,3
366.png,3
4311.png,3
1516.png,3
4478.png,3
5322.png,3
2673.png,3
1308.png,3
3025.png,3
6915.png,3
5117.png,3
4644.png,3
4489.png,3
104.png,3
4294.png,3
5591.png,3
4138.png,3
5359.png,3
7169.png,3
3814.png,3
6923.png,3
5803.png,3
3381.png,3
1597.png,3
6118.png,3
2651.png,3
3389.png,3
6212.png,3
6087.png,3
5667.png,3
3275.png,3
2687.png,3
3753.png,3
5999.png,3
4285.png,3
4947.png,3
1080.png,3
1095.png,3
5342.png,3
3800.png,3
1849.png,3
6308.png,3
6365.png,3
3774.png,3
126.png,3
4779.png,3
3628.png,3
2525.png,3
5129.png,3
4025.png,3
658.png,3
7138.png,3
5968.png,3
5939.png,3
3092.png,3
4277.png,3
1625.png,3
3938.png,3
4920.png,3
6407.png,3
4474.png,3
3256.png,3
1558.png,3
4143.png,3
5819.png,3
5206.png,3
6302.png,3
6932.png,3
1488.png,3
170.png,3
4320.png,3
149.png,3
4515.png,3
441.png,3
4756.png,3
2659.png,3
2028.png,3
5235.png,3
2083.png,3
6156.png,3
5583.png,3
817.png,3
1735.png,3
1155.png,3
6380.png,3
343.png,3
5975.png,3
6103.png,3
2928.png,3
5979.png,3
562.png,3
6871.png,3
1986.png,3
4181.png,3
3736.png,3
6394.png,3
1151.png,3
4021.png,3
6839.png,3
479.png,3
1368.png,3
388.png,3
941.png,3
1504.png,3
3704.png,3
2348.png,3
884.png,3
4152.png,3
6304.png,3
98.png,3
6161.png,3
1927.png,3
1448.png,3
4834.png,3
2307.png,3
1501.png,3
5318.png,3
6614.png,3
1072.png,3
3472.png,3
5987.png,3
4287.png,3
5190.png,3
142.png,3
1295.png,3
400.png,3
3374.png,3
6551.png,3
6512.png,3
5582.png,3
3426.png,3
4581.png,3
2988.png,3
2074.png,3
4577.png,3
5770.png,3
5207.png,3
197.png,3
2716.png,3
1493.png,3
4678.png,3
2910.png,3
4168.png,3
4309.png,3
5956.png,3
6422.png,3
4290.png,3
4856.png,3
6676.png,3
7134.png,3
3689.png,3
3567.png,3
5440.png,3
115.png,3
5330.png,3
2557.png,3
3735.png,3
5389.png,3
237.png,3
6069.png,3
1951.png,3
1705.png,3
3703.png,3
2860.png,3
7116.png,3
1459.png,3
1347.png,3
3876.png,3
2014.png,3
2258.png,3
3905.png,3
4224.png,3
4506.png,3
906.png,3
4645.png,3
2444.png,3
1269.png,3
5970.png,3
2273.png,3
1875.png,3
2176.png,3
1000.png,3
102.png,3
4049.png,3
4289.png,3
2367.png,3
4869.png,3
5520.png,3
4034.png,3
5505.png,3
4847.png,3
1210.png,3
4544.png,3
5470.png,3
3418.png,3
5074.png,3
1078.png,3
4904.png,3
5212.png,3
5061.png,3
6905.png,3
6175.png,3
1627.png,3
6445.png,3
5716.png,3
3207.png,3
1592.png,3
133.png,3
5263.png,3
4796.png,3
6078.png,3
273.png,3
1205.png,3
5751.png,3
870.png,3
2572.png,3
3094.png,3
4225.png,3
229.png,3
2053.png,3
4521.png,3
2384.png,3
1892.png,3
6879.png,3
7130.png,3
5031.png,3
4961.png,3
1234.png,3
3810.png,3
5982.png,3
1134.png,3
6802.png,3
257.png,3
6373.png,3
5168.png,3
6370.png,3
5816.png,3
6371.png,3
3784.png,3
1248.png,3
5916.png,3
6583.png,3
7155.png,3
4400.png,3
1089.png,3
5242.png,3
7073.png,3
542.png,3
3977.png,3
4017.png,3
2035.png,3
4099.png,3
4686.png,3
1976.png,3
5197.png,3
625.png,3
2997.png,3
5850.png,3
6073.png,3
1633.png,3
2864.png,3
7058.png,3
4192.png,3
6743.png,3
2881.png,3
1688.png,3
105.png,3
244.png,3
6810.png,3
5544.png,3
604.png,3
206.png,3
6581.png,3
2837.png,3
431.png,3
5513.png,3
6764.png,3
5383.png,3
5025.png,3
751.png,3
4149.png,3
7108.png,3
5540.png,3
2774.png,3
6145.png,3
800.png,3
3955.png,3
5324.png,3
3289.png,3
1038.png,3
5252.png,3
4520.png,3
4613.png,3
3459.png,3
7160.png,3
4300.png,3
1723.png,3
6854.png,3
2984.png,3
3482.png,3
2115.png,3
171.png,3
2692.png,3
3088.png,3
654.png,3
639.png,3
7089.png,3
5086.png,3
1452.png,3
156.png,3
7026.png,3
6564.png,3
4972.png,3
3923.png,3
6396.png,3
1936.png,3
5558.png,3
6832.png,3
3775.png,3
4672.png,3
1412.png,3
2406.png,3
1515.png,3
510.png,3
4713.png,3
5282.png,3
2589.png,3
5272.png,3
1700.png,3
2461.png,3
3127.png,3
6169.png,3
3425.png,3
688.png,3
1447.png,3
5594.png,3
484.png,3
6492.png,3
3929.png,3
2811.png,3
4836.png,3
1246.png,3
5811.png,3
2934.png,3
2096.png,3
1012.png,3
2861.png,3
6490.png,3
1788.png,3
5456.png,3
1259.png,3
6899.png,3
4242.png,3
6784.png,3
6651.png,3
3027.png,3
2060.png,3
5026.png,3
761.png,3
1214.png,3
809.png,3
4863.png,3
10.png,3
2126.png,3
6970.png,3
3010.png,3
88.png,3
3261.png,3
6578.png,3
4120.png,3
1679.png,3
3916.png,3
1239.png,3
2119.png,3
5101.png,3
6386.png,3
450.png,3
1834.png,3
3693.png,3
4597.png,3
935.png,3
2517.png,3
686.png,3
2521.png,3
927.png,3
1369.png,3
1233.png,3
3156.png,3
4685.png,3
5316.png,3
318.png,3
6029.png,3
3194.png,3
3658.png,3
3489.png,3
1668.png,3
5601.png,3
1650.png,3
1047.png,3
6196.png,3
5758.png,3
6045.png,3
3819.png,3
754.png,3
2888.png,3
6009.png,3
4008.png,3
5973.png,3
1977.png,3
570.png,3
1877.png,3
7152.png,3
44.png,3
4166.png,3
1678.png,3
879.png,3
6528.png,3
3417.png,3
1076.png,3
5636.png,3
192.png,3
5133.png,3
4877.png,3
2941.png,3
201.png,3
1798.png,3
1573.png,3
470.png,3
5201.png,3
6200.png,3
4742.png,3
2451.png,3
590.png,3
3327.png,3
4617.png,3
3667.png,3
2178.png,3
6119.png,3
6753.png,3
5495.png,3
4090.png,3
1410.png,3
1676.png,3
6245.png,3
4178.png,3
3661.png,3
2623.png,3
3796.png,3
1787.png,3
1441.png,3
4823.png,3
333.png,3
7095.png,3
1785.png,3
5045.png,3
6941.png,3
1557.png,3
6334.png,3
5163.png,3
5301.png,3
5818.png,3
205.png,3
1985.png,3
2899.png,3
3891.png,3
2147.png,3
2416.png,3
6405.png,3
2745.png,3
214.png,3
6572.png,3
3322.png,3
408.png,3
4283.png,3
1327.png,3
1838.png,3
264.png,3
6611.png,3
5255.png,3
1256.png,3
1124.png,3
6690.png,3
6137.png,3
3164.png,3
3300.png,3
4868.png,3
4995.png,3
5786.png,3
6104.png,3
340.png,3
3319.png,3
7132.png,3
3146.png,3
6509.png,3
4386.png,3
1484.png,3
2751.png,3
1848.png,3
3375.png,3
5203.png,3
6700.png,3
4657.png,3
5928.png,3
6607.png,3
5452.png,3
6131.png,3
1786.png,3
801.png,3
6937.png,3
4522.png,3
5486.png,3
3471.png,3
7052.png,3
5769.png,3
6148.png,3
3043.png,3
1428.png,3
1644.png,3
5055.png,3
4404.png,3
1193.png,3
3507.png,3
4969.png,3
586.png,3
2938.png,3
2417.png,3
1208.png,3
764.png,3
737.png,3
1783.png,3
4963.png,3
1376.png,3
5368.png,3
4600.png,3
3431.png,3
6929.png,3
1765.png,3
5300.png,3
6684.png,3
6340.png,3
2346.png,3
856.png,3
977.png,3
5521.png,3
1497.png,3
435.png,3
452.png,3
2604.png,3
6557.png,3
1301.png,3
424.png,3
2991.png,3
1464.png,3
815.png,3
4097.png,3
4004.png,3
703.png,3
4988.png,3
5641.png,3
2646.png,3
6838.png,3
3901.png,3
5528.png,3
4339.png,3
6645.png,3
4948.png,3
3524.png,3
2597.png,3
7046.png,3
2639.png,3
4222.png,3
3727.png,3
5673.png,3
6411.png,3
5144.png,3
3211.png,3
6011.png,3
3682.png,3
2980.png,3
5343.png,3
3370.png,3
880.png,3
2080.png,3
5775.png,3
3830.png,3
1876.png,3
5162.png,3
667.png,3
3824.png,3
2710.png,3
4417.png,3
2383.png,3
3838.png,3
3505.png,3
2925.png,3
7051.png,3
6597.png,3
6267.png,3
7121.png,3
2669.png,3
1261.png,3
883.png,3
5126.png,3
5918.png,3
3649.png,3
7053.png,3
6300.png,3
4640.png,3
3237.png,3
3450.png,3
5626.png,3
2234.png,3
5884.png,3
2145.png,3
3527.png,3
1784.png,3
3707.png,3
3437.png,3
3510.png,3
6642.png,3
1626.png,3
3405.png,3
5611.png,3
999.png,3
5985.png,3
2180.png,3
4676.png,3
1110.png,3
2210.png,3
4773.png,3
2620.png,3
7019.png,3
6894.png,3
2607.png,3
423.png,3
5518.png,3
6081.png,3
397.png,3
6606.png,3
1615.png,3
5146.png,3
357.png,3
3282.png,3
2894.png,3
2143.png,3
5457.png,3
215.png,3
1728.png,3
4876.png,3
3877.png,3
6107.png,3
4998.png,3
1884.png,3
1760.png,3
6133.png,3
2982.png,3
2728.png,3
2455.png,3
1754.png,3
1667.png,3
1608.png,3
276.png,3
1454.png,3
6939.png,3
3975.png,3
